id,invoice_number,invoice_category,service_type,invoice_date,customer_id,rep_id,appointment_id,amount,base_subtotal,profit_margin_pct,profit_margin_amount,sscl_pct,sscl_amount,vat_pct,vat_amount,grand_total,credit_balance,remarks,is_vat_posted,contact_name,due_date,po_number,warranty,created_at,updated_at
15,CCFR-R00499,ALL_INC,REPAIR,2026-01-06,186,2,1,2950.00,2950.00,0.000000,0.00,0.000000,0.00,0.000000,0.00,2950.00,0.00,SHEN,False,,,,N/A,2026-06-25 07:39:04.345127,2026-06-25 07:39:04.345127
21,CCFR-R00505,ALL_INC,REPAIR,2026-01-07,181,1,2,5900.00,5900.00,0.000000,0.00,0.000000,0.00,0.000000,0.00,5900.00,0.00,SHEN,False,,,,N/A,2026-06-25 07:39:04.348804,2026-06-25 07:39:04.348804
24,CCFR-R00508,ALL_INC,REPAIR,2026-01-09,170,1,3,413.00,413.00,0.000000,0.00,0.000000,0.00,0.000000,0.00,413.00,0.00,PRAMOD,False,,,,N/A,2026-06-25 07:39:04.350672,2026-06-25 07:39:04.350672
25,CCFR-R00509,ALL_INC,REPAIR,2026-01-09,158,3,3,1770.00,1770.00,0.000000,0.00,0.000000,0.00,0.000000,0.00,1770.00,0.00,PRAMOD,False,,,,N/A,2026-06-25 07:39:04.351247,2026-06-25 07:39:04.351247
26,CCFR-R00510,ALL_INC,REPAIR,2026-01-09,148,3,3,413.00,413.00,0.000000,0.00,0.000000,0.00,0.000000,0.00,413.00,0.00,PRAMOD,False,,,,N/A,2026-06-25 07:39:04.351839,2026-06-25 07:39:04.351839
28,CCFR-R00512,ALL_INC,REPAIR,2026-01-10,186,3,4,4130.00,4130.00,0.000000,0.00,0.000000,0.00,0.000000,0.00,4130.00,0.00,PRAMOD,False,,,,N/A,2026-06-25 07:39:04.353017,2026-06-25 07:39:04.353017
41,CCFR-R00525,ALL_INC,REPAIR,2026-01-13,139,2,5,6970.00,6970.00,0.000000,0.00,0.000000,0.00,0.000000,0.00,6970.00,0.00,SHEN,False,,,,N/A,2026-06-25 07:39:04.362768,2026-06-25 07:39:04.362768
45,CCFR-R00529,ALL_INC,REPAIR,2026-01-14,207,3,6,1770.00,1770.00,0.000000,0.00,0.000000,0.00,0.000000,0.00,1770.00,0.00,PRAMOD,False,,,,N/A,2026-06-25 07:39:04.365185,2026-06-25 07:39:04.365185
46,CCFR-R00530,ALL_INC,REPAIR,2026-01-14,180,3,6,11210.00,11210.00,0.000000,0.00,0.000000,0.00,0.000000,0.00,11210.00,0.00,PRAMOD,False,,,,N/A,2026-06-25 07:39:04.365776,2026-06-25 07:39:04.365776
52,CCFR-R00536,ALL_INC,REPAIR,2026-01-16,235,2,7,5900.00,5900.00,0.000000,0.00,0.000000,0.00,0.000000,0.00,5900.00,0.00,POST,False,,,,N/A,2026-06-25 07:39:04.369263,2026-06-25 07:39:04.369263
54,CCFR-R00538,ALL_INC,REPAIR,2026-01-16,191,3,7,826.00,826.00,0.000000,0.00,0.000000,0.00,0.000000,0.00,826.00,0.00,PRAMOD,False,,,,N/A,2026-06-25 07:39:04.370415,2026-06-25 07:39:04.370415
56,CCFR-R00540,ALL_INC,REPAIR,2026-01-17,283,4,8,11210.00,11210.00,0.000000,0.00,0.000000,0.00,0.000000,0.00,11210.00,0.00,MR ASANKA,False,,,,N/A,2026-06-25 07:39:04.371568,2026-06-25 07:39:04.371568
61,CCFR-R00545,ALL_INC,REPAIR,2026-01-17,84,3,8,2000.00,2000.00,0.000000,0.00,0.000000,0.00,0.000000,0.00,2000.00,0.00,SHEN,False,,,,N/A,2026-06-25 07:39:04.375980,2026-06-25 07:39:04.375980
63,CCFR-R00547,ALL_INC,REPAIR,2026-01-17,65,3,8,9440.00,9440.00,0.000000,0.00,0.000000,0.00,0.000000,0.00,9440.00,0.00,SHEN,False,,,,N/A,2026-06-25 07:39:04.377000,2026-06-25 07:39:04.377000
65,CCFR-R00549,ALL_INC,REPAIR,2026-01-19,233,2,9,2950.00,2950.00,0.000000,0.00,0.000000,0.00,0.000000,0.00,2950.00,0.00,PRAMOD,False,,,,N/A,2026-06-25 07:39:04.378224,2026-06-25 07:39:04.378224
66,CCFR-R00550,ALL_INC,REPAIR,2026-01-19,220,4,9,5310.00,5310.00,0.000000,0.00,0.000000,0.00,0.000000,0.00,5310.00,0.00,POST,False,,,,N/A,2026-06-25 07:39:04.378984,2026-06-25 07:39:04.378984
69,CCFR-R00553,ALL_INC,REPAIR,2026-01-21,210,3,10,27730.00,27730.00,0.000000,0.00,0.000000,0.00,0.000000,0.00,27730.00,0.00,PRAMOD,False,,,,N/A,2026-06-25 07:39:04.380829,2026-06-25 07:39:04.380829
72,CCFR-R00556,ALL_INC,REPAIR,2026-01-21,65,2,10,0.00,0.00,0.000000,0.00,0.000000,0.00,0.000000,0.00,0.00,0.00,Customer riq same in CCFR-R05487,False,,,,N/A,2026-06-25 07:39:04.383245,2026-06-25 07:39:04.383245
74,CCFR-R00558,ALL_INC,REPAIR,2026-01-22,171,1,11,97350.00,97350.00,0.000000,0.00,0.000000,0.00,0.000000,0.00,97350.00,0.00,,False,,,,N/A,2026-06-25 07:39:04.384226,2026-06-25 07:39:04.384226
75,CCFR-R00559,ALL_INC,REPAIR,2026-01-22,146,2,11,3540.00,3540.00,0.000000,0.00,0.000000,0.00,0.000000,0.00,3540.00,0.00,Diposite,False,,,,N/A,2026-06-25 07:39:04.384822,2026-06-25 07:39:04.384822
78,CCFR-R00562,ALL_INC,REPAIR,2026-01-23,137,2,12,12980.00,12980.00,0.000000,0.00,0.000000,0.00,0.000000,0.00,12980.00,0.00,PRAMOD,False,,,,N/A,2026-06-25 07:39:04.386599,2026-06-25 07:39:04.386599
106,CCFR-R00590,ALL_INC,REPAIR,2026-02-06,196,3,30,3717.00,3717.00,0.000000,0.00,0.000000,0.00,0.000000,0.00,3717.00,4500.00,SHEN,False,,,,N/A,2026-06-25 07:39:04.403764,2026-06-25 07:39:04.403764
107,CCFR-R00591,ALL_INC,REPAIR,2026-02-06,170,3,30,10824.00,10824.00,0.000000,0.00,0.000000,0.00,0.000000,0.00,10824.00,0.00,,False,,,,N/A,2026-06-25 07:39:04.404124,2026-06-25 07:39:04.404124
114,CCFR-R00598,ALL_INC,REPAIR,2026-02-09,154,2,31,8791.00,8791.00,0.000000,0.00,0.000000,0.00,0.000000,0.00,8791.00,0.00,SHEN,False,,,,N/A,2026-06-25 07:39:04.408927,2026-06-25 07:39:04.408927
133,CCFR-R00617,ALL_INC,REPAIR,2026-02-18,233,4,32,4543.00,4543.00,0.000000,0.00,0.000000,0.00,0.000000,0.00,4543.00,0.00,PRAMOD,False,,,,N/A,2026-06-25 07:39:04.419235,2026-06-25 07:39:04.419235
134,CCFR-R00618,ALL_INC,REPAIR,2026-02-18,176,2,32,5310.00,5310.00,0.000000,0.00,0.000000,0.00,0.000000,0.00,5310.00,0.00,SHEN,False,,,,N/A,2026-06-25 07:39:04.419822,2026-06-25 07:39:04.419822
138,CCFR-R00622,ALL_INC,REPAIR,2026-02-20,200,2,33,15264.00,15264.00,0.000000,0.00,0.000000,0.00,0.000000,0.00,15264.00,0.00,,False,,,,N/A,2026-06-25 07:39:04.422160,2026-06-25 07:39:04.422160
146,CCFR-R00630,ALL_INC,REPAIR,2026-02-21,68,2,34,2950.00,2950.00,0.000000,0.00,0.000000,0.00,0.000000,0.00,2950.00,0.00,ONLINE transfer,False,,,,N/A,2026-06-25 07:39:04.427490,2026-06-25 07:39:04.427490
147,CCFR-R00631,ALL_INC,REPAIR,2026-02-23,200,3,35,2950.00,2950.00,0.000000,0.00,0.000000,0.00,0.000000,0.00,2950.00,0.00,,False,,,,N/A,2026-06-25 07:39:04.428105,2026-06-25 07:39:04.428105
149,CCFR-R00633,ALL_INC,REPAIR,2026-02-23,131,3,35,4130.00,4130.00,0.000000,0.00,0.000000,0.00,0.000000,0.00,4130.00,0.00,,False,,,,N/A,2026-06-25 07:39:04.429270,2026-06-25 07:39:04.429270
153,CCFR-R00637,ALL_INC,REPAIR,2026-02-24,175,3,36,2950.00,2950.00,0.000000,0.00,0.000000,0.00,0.000000,0.00,2950.00,0.00,PRAMOD,False,,,,N/A,2026-06-25 07:39:04.431772,2026-06-25 07:39:04.431772
154,CCFR-R00638,ALL_INC,REPAIR,2026-02-24,141,3,36,13983.00,13983.00,0.000000,0.00,0.000000,0.00,0.000000,0.00,13983.00,0.00,PRAMOD,False,,,,N/A,2026-06-25 07:39:04.432430,2026-06-25 07:39:04.432430
159,CCFR-R00643,ALL_INC,REPAIR,2026-02-26,187,3,37,6902.00,6902.00,0.000000,0.00,0.000000,0.00,0.000000,0.00,6902.00,0.00,PRAMOD,False,,,,N/A,2026-06-25 07:39:04.435349,2026-06-25 07:39:04.435349
160,CCFR-R00644,ALL_INC,REPAIR,2026-02-26,187,3,37,13393.00,13393.00,0.000000,0.00,0.000000,0.00,0.000000,0.00,13393.00,0.00,PRAMOD,False,,,,N/A,2026-06-25 07:39:04.435938,2026-06-25 07:39:04.435938
164,CCFR-R00648,ALL_INC,REPAIR,2026-02-27,166,4,38,12390.00,12390.00,0.000000,0.00,0.000000,0.00,0.000000,0.00,12390.00,0.00,PRAMOD,False,,,,N/A,2026-06-25 07:39:04.438248,2026-06-25 07:39:04.438248
171,CCFR-R00655,ALL_INC,REPAIR,2026-03-03,170,3,59,7910.00,7910.00,0.000000,0.00,0.000000,0.00,0.000000,0.00,7910.00,0.00,PRAMOD,False,,,,N/A,2026-06-25 07:39:04.443430,2026-06-25 07:39:04.443430
172,CCFR-R00656,ALL_INC,REPAIR,2026-03-03,149,3,59,4130.00,4130.00,0.000000,0.00,0.000000,0.00,0.000000,0.00,4130.00,0.00,PRAMOD,False,,,,N/A,2026-06-25 07:39:04.444042,2026-06-25 07:39:04.444042
175,CCFR-R00659,ALL_INC,REPAIR,2026-03-04,186,3,60,4661.00,4661.00,0.000000,0.00,0.000000,0.00,0.000000,0.00,4661.00,0.00,PRAMOD,False,,,,N/A,2026-06-25 07:39:04.445807,2026-06-25 07:39:04.445807
177,CCFR-R00661,ALL_INC,REPAIR,2026-03-04,170,4,60,1770.00,1770.00,0.000000,0.00,0.000000,0.00,0.000000,0.00,1770.00,0.00,PRAMOD,False,,,,N/A,2026-06-25 07:39:04.446977,2026-06-25 07:39:04.446977
179,CCFR-R00663,ALL_INC,REPAIR,2026-03-04,158,3,60,2950.00,2950.00,0.000000,0.00,0.000000,0.00,0.000000,0.00,2950.00,0.00,PRAMOD,False,,,,N/A,2026-06-25 07:39:04.448130,2026-06-25 07:39:04.448130
181,CCFR-R00665,ALL_INC,REPAIR,2026-03-04,42,4,60,1770.00,1770.00,0.000000,0.00,0.000000,0.00,0.000000,0.00,1770.00,0.00,MR JOSH,False,,,,N/A,2026-06-25 07:39:04.449299,2026-06-25 07:39:04.449299
182,CCFR-R00666,ALL_INC,REPAIR,2026-03-06,278,2,61,6490.00,6490.00,0.000000,0.00,0.000000,0.00,0.000000,0.00,6490.00,0.00,SHEN,False,,,,N/A,2026-06-25 07:39:04.449904,2026-06-25 07:39:04.449904
188,CCFR-R00672,ALL_INC,REPAIR,2026-03-07,237,2,62,1770.00,1770.00,0.000000,0.00,0.000000,0.00,0.000000,0.00,1770.00,0.00,PRAMOD,False,,,,N/A,2026-06-25 07:39:04.453138,2026-06-25 07:39:04.453138
194,CCFR-R00678,ALL_INC,REPAIR,2026-03-07,75,2,62,2950.00,2950.00,0.000000,0.00,0.000000,0.00,0.000000,0.00,2950.00,0.00,MR ASANKA,False,,,,N/A,2026-06-25 07:39:04.456898,2026-06-25 07:39:04.456898
196,CCFR-R00680,ALL_INC,REPAIR,2026-03-09,219,2,63,12390.00,12390.00,0.000000,0.00,0.000000,0.00,0.000000,0.00,12390.00,0.00,SHEN,False,,,,N/A,2026-06-25 07:39:04.458697,2026-06-25 07:39:04.458697
201,CCFR-R00685,ALL_INC,REPAIR,2026-03-11,233,2,64,4661.00,4661.00,0.000000,0.00,0.000000,0.00,0.000000,0.00,4661.00,0.00,,False,,,,N/A,2026-06-25 07:39:04.461799,2026-06-25 07:39:04.461799
204,CCFR-R00688,ALL_INC,REPAIR,2026-03-11,196,2,64,1770.00,1770.00,0.000000,0.00,0.000000,0.00,0.000000,0.00,1770.00,0.00,SHEN,False,,,,N/A,2026-06-25 07:39:04.463560,2026-06-25 07:39:04.463560
205,CCFR-R00689,ALL_INC,REPAIR,2026-03-11,189,2,64,3894.00,3894.00,0.000000,0.00,0.000000,0.00,0.000000,0.00,3894.00,0.00,PRAMOD,False,,,,N/A,2026-06-25 07:39:04.464142,2026-06-25 07:39:04.464142
206,CCFR-R00690,ALL_INC,REPAIR,2026-03-11,174,2,64,1770.00,1770.00,0.000000,0.00,0.000000,0.00,0.000000,0.00,1770.00,0.00,PRAMOD,False,,,,N/A,2026-06-25 07:39:04.464810,2026-06-25 07:39:04.464810
207,CCFR-R00691,ALL_INC,REPAIR,2026-03-11,157,2,64,13393.00,13393.00,0.000000,0.00,0.000000,0.00,0.000000,0.00,13393.00,0.00,SHEN,False,,,,N/A,2026-06-25 07:39:04.465404,2026-06-25 07:39:04.465404
216,CCFR-R00700,ALL_INC,REPAIR,2026-03-13,181,1,65,4130.00,4130.00,0.000000,0.00,0.000000,0.00,0.000000,0.00,4130.00,0.00,MR ASANKA,False,,,,N/A,2026-06-25 07:39:04.470694,2026-06-25 07:39:04.470694
221,CCFR-R00705,ALL_INC,REPAIR,2026-03-16,232,1,66,33057.00,33057.00,0.000000,0.00,0.000000,0.00,0.000000,0.00,33057.00,0.00,PRAMOD,False,,,,N/A,2026-06-25 07:39:04.474212,2026-06-25 07:39:04.474212
222,CCFR-R00706,ALL_INC,REPAIR,2026-03-16,224,1,66,15635.00,15635.00,0.000000,0.00,0.000000,0.00,0.000000,0.00,15635.00,0.00,PRAMOD,False,,,,N/A,2026-06-25 07:39:04.475055,2026-06-25 07:39:04.475055
235,CCFR-R00719,ALL_INC,REPAIR,2026-03-25,132,3,67,12980.00,12980.00,0.000000,0.00,0.000000,0.00,0.000000,0.00,12980.00,0.00,PRAMOD,False,,,,N/A,2026-06-25 07:39:04.482832,2026-06-25 07:39:04.482832
245,CCFR-R00729,ALL_INC,REPAIR,2026-03-31,158,2,68,3336.00,3336.00,0.000000,0.00,0.000000,0.00,0.000000,0.00,3336.00,0.00,SHEN,False,,,,N/A,2026-06-25 07:39:04.490646,2026-06-25 07:39:04.490646
247,CCFR-R00731,ALL_INC,REPAIR,2026-04-02,219,4,88,8850.00,8850.00,0.000000,0.00,0.000000,0.00,0.000000,0.00,8850.00,0.00,SHEN,False,,,,N/A,2026-06-25 07:39:04.492121,2026-06-25 07:39:04.492121
248,CCFR-R00732,ALL_INC,REPAIR,2026-04-02,219,4,88,17110.00,17110.00,0.000000,0.00,0.000000,0.00,0.000000,0.00,17110.00,0.00,SHEN,False,,,,N/A,2026-06-25 07:39:04.492761,2026-06-25 07:39:04.492761
249,CCFR-R00733,ALL_INC,REPAIR,2026-04-02,89,1,88,18900.00,18900.00,0.000000,0.00,0.000000,0.00,0.000000,0.00,18900.00,0.00,SHEN,False,,,,N/A,2026-06-25 07:39:04.493415,2026-06-25 07:39:04.493415
250,CCFR-R00734,ALL_INC,REPAIR,2026-04-02,82,3,88,28320.00,28320.00,0.000000,0.00,0.000000,0.00,0.000000,0.00,28320.00,0.00,PRAMOD,False,,,,N/A,2026-06-25 07:39:04.494017,2026-06-25 07:39:04.494017
251,CCFR-R00735,ALL_INC,REPAIR,2026-04-03,234,3,89,0.00,0.00,0.000000,0.00,0.000000,0.00,0.000000,0.00,0.00,0.00,,False,,,,N/A,2026-06-25 07:39:04.494627,2026-06-25 07:39:04.494627
252,CCFR-R00736,ALL_INC,REPAIR,2026-04-03,158,4,89,14160.00,14160.00,0.000000,0.00,0.000000,0.00,0.000000,0.00,14160.00,0.00,SHEN,False,,,,N/A,2026-06-25 07:39:04.494984,2026-06-25 07:39:04.494984
253,CCFR-R00737,ALL_INC,REPAIR,2026-04-03,158,5,89,14750.00,14750.00,0.000000,0.00,0.000000,0.00,0.000000,0.00,14750.00,0.00,SHEN,False,,,,N/A,2026-06-25 07:39:04.495572,2026-06-25 07:39:04.495572
257,CCFR-R00741,ALL_INC,REPAIR,2026-04-04,59,,,17051.00,17051.00,0.000000,0.00,0.000000,0.00,0.000000,0.00,17051.00,0.00,,False,,,,N/A,2026-06-25 07:39:04.497932,2026-06-25 07:39:04.497932
258,CCFR-R00742,ALL_INC,REPAIR,2026-04-06,237,2,90,28320.00,28320.00,0.000000,0.00,0.000000,0.00,0.000000,0.00,28320.00,0.00,SHEN,False,,,,N/A,2026-06-25 07:39:04.498277,2026-06-25 07:39:04.498277
261,CCFR-R00745,ALL_INC,REPAIR,2026-04-07,196,2,91,2950.00,2950.00,0.000000,0.00,0.000000,0.00,0.000000,0.00,2950.00,0.00,PRAMOD,False,,,,N/A,2026-06-25 07:39:04.500043,2026-06-25 07:39:04.500043
275,CCFR-R00759,ALL_INC,REPAIR,2026-04-10,199,2,92,4130.00,4130.00,0.000000,0.00,0.000000,0.00,0.000000,0.00,4130.00,0.00,PRAMOD,False,,,,N/A,2026-06-25 07:39:04.509112,2026-06-25 07:39:04.509112
285,CCFR-R00769,ALL_INC,REPAIR,2026-04-18,207,1,93,3481.00,3481.00,0.000000,0.00,0.000000,0.00,0.000000,0.00,3481.00,0.00,PRAMOD,False,,,,N/A,2026-06-25 07:39:04.514583,2026-06-25 07:39:04.514583
286,CCFR-R00770,ALL_INC,REPAIR,2026-04-18,104,1,93,8850.00,8850.00,0.000000,0.00,0.000000,0.00,0.000000,0.00,8850.00,0.00,JOSHOP,False,,,,N/A,2026-06-25 07:39:04.515184,2026-06-25 07:39:04.515184
294,CCFR-R00778,ALL_INC,REPAIR,2026-04-22,210,1,94,2950.00,2950.00,0.000000,0.00,0.000000,0.00,0.000000,0.00,2950.00,0.00,PRAMOD,False,,,,N/A,2026-06-25 07:39:04.519622,2026-06-25 07:39:04.519622
298,CCFR-R00782,ALL_INC,REPAIR,2026-04-24,251,,,1770.00,1770.00,0.000000,0.00,0.000000,0.00,0.000000,0.00,1770.00,0.00,PRAMOD,False,,,,N/A,2026-06-25 07:39:04.521901,2026-06-25 07:39:04.521901
299,CCFR-R00783,ALL_INC,REPAIR,2026-04-24,174,,,4130.00,4130.00,0.000000,0.00,0.000000,0.00,0.000000,0.00,4130.00,0.00,PRAMOD,False,,,,N/A,2026-06-25 07:39:04.522710,2026-06-25 07:39:04.522710
309,CCFR-R00793,ALL_INC,REPAIR,2026-04-25,85,3,95,14160.00,14160.00,0.000000,0.00,0.000000,0.00,0.000000,0.00,14160.00,0.00,JOSHOP,False,,,,N/A,2026-06-25 07:39:04.529724,2026-06-25 07:39:04.529724
316,CCFR-R00800,ALL_INC,REPAIR,2026-04-29,154,1,96,2950.00,2950.00,0.000000,0.00,0.000000,0.00,0.000000,0.00,2950.00,0.00,pramod,False,,,,N/A,2026-06-25 07:39:04.533912,2026-06-25 07:39:04.533912
325,CCFR-R00809,ALL_INC,REPAIR,2026-04-29,205,3,96,4130.00,4130.00,0.000000,0.00,0.000000,0.00,0.000000,0.00,4130.00,0.00,PRAMOD,False,,,,N/A,2026-06-25 07:39:04.539698,2026-06-25 07:39:04.539698
326,CCFR-R00810,ALL_INC,REPAIR,2026-04-29,144,3,96,14750.00,14750.00,0.000000,0.00,0.000000,0.00,0.000000,0.00,14750.00,0.00,pramod,False,,,,N/A,2026-06-25 07:39:04.540829,2026-06-25 07:39:04.540829
329,CCFR-R00813,ALL_INC,REPAIR,2026-04-30,226,2,97,17995.00,17995.00,0.000000,0.00,0.000000,0.00,0.000000,0.00,17995.00,0.00,POST,False,,,,N/A,2026-06-25 07:39:04.542940,2026-06-25 07:39:04.542940
333,CCFR-R00817,ALL_INC,REPAIR,2026-05-01,56,3,113,4543.00,4543.00,0.000000,0.00,0.000000,0.00,0.000000,0.00,4543.00,0.00,MR ASANKA,False,,,,N/A,2026-06-25 07:39:04.544983,2026-06-25 07:39:04.544983
335,CCFR-R00819,ALL_INC,REPAIR,2026-05-03,181,4,114,40120.00,40120.00,0.000000,0.00,0.000000,0.00,0.000000,0.00,40120.00,0.00,POST,False,,,,N/A,2026-06-25 07:39:04.546179,2026-06-25 07:39:04.546179
336,CCFR-R00820,ALL_INC,REPAIR,2026-05-03,232,4,114,40120.00,40120.00,0.000000,0.00,0.000000,0.00,0.000000,0.00,40120.00,0.00,,False,,,,N/A,2026-06-25 07:39:04.546772,2026-06-25 07:39:04.546772
337,CCFR-R00821,ALL_INC,REPAIR,2026-05-03,150,3,114,40120.00,40120.00,0.000000,0.00,0.000000,0.00,0.000000,0.00,40120.00,0.00,SHEN,False,,,,N/A,2026-06-25 07:39:04.547352,2026-06-25 07:39:04.547352
339,CCFR-R00823,ALL_INC,REPAIR,2026-05-05,167,2,115,14160.00,14160.00,0.000000,0.00,0.000000,0.00,0.000000,0.00,14160.00,0.00,PRAMOD,False,,,,N/A,2026-06-25 07:39:04.548555,2026-06-25 07:39:04.548555
340,CCFR-R00824,ALL_INC,REPAIR,2026-05-05,167,2,115,10030.00,10030.00,0.000000,0.00,0.000000,0.00,0.000000,0.00,10030.00,0.00,PRAMOD,False,,,,N/A,2026-06-25 07:39:04.549134,2026-06-25 07:39:04.549134
343,CCFR-R00827,ALL_INC,REPAIR,2026-05-05,229,2,115,6490.00,6490.00,0.000000,0.00,0.000000,0.00,0.000000,0.00,6490.00,0.00,SHEN,False,,,,N/A,2026-06-25 07:39:04.551209,2026-06-25 07:39:04.551209
347,CCFR-R00831,ALL_INC,REPAIR,2026-05-05,204,1,115,5310.00,5310.00,0.000000,0.00,0.000000,0.00,0.000000,0.00,5310.00,0.00,POST,False,,,,N/A,2026-06-25 07:39:04.553708,2026-06-25 07:39:04.553708
349,CCFR-R00833,ALL_INC,REPAIR,2026-05-06,153,1,116,9145.00,9145.00,0.000000,0.00,0.000000,0.00,0.000000,0.00,9145.00,0.00,PRAMOD,False,,,,N/A,2026-06-25 07:39:04.554891,2026-06-25 07:39:04.554891
356,CCFR-R00840,ALL_INC,REPAIR,2026-05-07,123,4,117,11859.00,11859.00,0.000000,0.00,0.000000,0.00,0.000000,0.00,11859.00,118590.00,,False,,,,N/A,2026-06-25 07:39:04.559839,2026-06-25 07:39:04.559839
360,CCFR-R00844,ALL_INC,REPAIR,2026-05-08,223,1,118,4130.00,4130.00,0.000000,0.00,0.000000,0.00,0.000000,0.00,4130.00,0.00,POST,False,,,,N/A,2026-06-25 07:39:04.561818,2026-06-25 07:39:04.561818
364,CCFR-R00848,ALL_INC,REPAIR,2026-05-08,138,4,118,4130.00,4130.00,0.000000,0.00,0.000000,0.00,0.000000,0.00,4130.00,0.00,SHEN,False,,,,N/A,2026-06-25 07:39:04.563954,2026-06-25 07:39:04.563954
367,CCFR-R00851,ALL_INC,REPAIR,2026-05-11,181,1,119,20060.00,20060.00,0.000000,0.00,0.000000,0.00,0.000000,0.00,20060.00,0.00,MR ASANKA,False,,,,N/A,2026-06-25 07:39:04.565708,2026-06-25 07:39:04.565708
369,CCFR-R00853,ALL_INC,REPAIR,2026-05-11,233,4,119,14160.00,14160.00,0.000000,0.00,0.000000,0.00,0.000000,0.00,14160.00,0.00,,False,,,,N/A,2026-06-25 07:39:04.566750,2026-06-25 07:39:04.566750
372,CCFR-R00856,ALL_INC,REPAIR,2026-05-12,193,3,120,17110.00,17110.00,0.000000,0.00,0.000000,0.00,0.000000,0.00,17110.00,0.00,MR HASITHA,False,,,,N/A,2026-06-25 07:39:04.567898,2026-06-25 07:39:04.567898
377,CCFR-R00861,ALL_INC,REPAIR,2026-05-12,211,4,120,5015.00,5015.00,0.000000,0.00,0.000000,0.00,0.000000,0.00,5015.00,0.00,PRAMOD,False,,,,N/A,2026-06-25 07:39:04.570661,2026-06-25 07:39:04.570661
381,CCFR-R00865,ALL_INC,REPAIR,2026-05-13,155,4,121,3540.00,3540.00,0.000000,0.00,0.000000,0.00,0.000000,0.00,3540.00,0.00,PRAMOD,False,,,,N/A,2026-06-25 07:39:04.573021,2026-06-25 07:39:04.573021
383,CCFR-R00867,ALL_INC,REPAIR,2026-05-14,174,4,122,3953.00,3953.00,0.000000,0.00,0.000000,0.00,0.000000,0.00,3953.00,0.00,pramod,False,,,,N/A,2026-06-25 07:39:04.575101,2026-06-25 07:39:04.575101
392,CCFR-R00876,ALL_INC,REPAIR,2026-05-16,109,2,123,11500.00,11500.00,0.000000,0.00,0.000000,0.00,0.000000,0.00,11500.00,0.00,JOSHOP,False,,,,N/A,2026-06-25 07:39:04.580570,2026-06-25 07:39:04.580570
393,CCFR-R00877,ALL_INC,REPAIR,2026-05-16,66,2,123,15300.00,15300.00,0.000000,0.00,0.000000,0.00,0.000000,0.00,15300.00,0.00,MR ASANKA,False,,,,N/A,2026-06-25 07:39:04.581157,2026-06-25 07:39:04.581157
395,CCFR-R00879,ALL_INC,REPAIR,2026-05-19,195,4,124,3540.00,3540.00,0.000000,0.00,0.000000,0.00,0.000000,0.00,3540.00,0.00,PRAMOD,False,,,,N/A,2026-06-25 07:39:04.582323,2026-06-25 07:39:04.582323
401,CCFR-R00885,ALL_INC,REPAIR,2026-05-20,231,3,125,5015.00,5015.00,0.000000,0.00,0.000000,0.00,0.000000,0.00,5015.00,0.00,PRAMOD,False,,,,N/A,2026-06-25 07:39:04.586279,2026-06-25 07:39:04.586279
402,CCFR-R00886,ALL_INC,REPAIR,2026-05-20,149,3,125,8555.00,8555.00,0.000000,0.00,0.000000,0.00,0.000000,0.00,8555.00,0.00,PRAMOD,False,,,,N/A,2026-06-25 07:39:04.586991,2026-06-25 07:39:04.586991
403,CCFR-R00887,ALL_INC,REPAIR,2026-05-20,162,3,125,5310.00,5310.00,0.000000,0.00,0.000000,0.00,0.000000,0.00,5310.00,0.00,SHEN,False,,,,N/A,2026-06-25 07:39:04.587597,2026-06-25 07:39:04.587597
410,CCFR-R00894,ALL_INC,REPAIR,2026-05-22,231,4,126,5310.00,5310.00,0.000000,0.00,0.000000,0.00,0.000000,0.00,5310.00,0.00,pramod,False,,,,N/A,2026-06-25 07:39:04.593025,2026-06-25 07:39:04.593025
411,CCFR-R00895,ALL_INC,REPAIR,2026-05-22,182,4,126,5310.00,5310.00,0.000000,0.00,0.000000,0.00,0.000000,0.00,5310.00,0.00,PRAMOD,False,,,,N/A,2026-06-25 07:39:04.593634,2026-06-25 07:39:04.593634
412,CCFR-R00896,ALL_INC,REPAIR,2026-05-22,179,4,126,5310.00,5310.00,0.000000,0.00,0.000000,0.00,0.000000,0.00,5310.00,0.00,CASH DIPOSITE,False,,,,N/A,2026-06-25 07:39:04.594231,2026-06-25 07:39:04.594231
413,CCFR-R00897,ALL_INC,REPAIR,2026-05-22,233,4,126,1770.00,1770.00,0.000000,0.00,0.000000,0.00,0.000000,0.00,1770.00,0.00,PRAMOD,False,,,,N/A,2026-06-25 07:39:04.594843,2026-06-25 07:39:04.594843
414,CCFR-R00898,ALL_INC,REPAIR,2026-05-23,57,3,127,8540.00,8540.00,0.000000,0.00,0.000000,0.00,0.000000,0.00,8540.00,0.00,SHEN,False,,,,N/A,2026-06-25 07:39:04.595442,2026-06-25 07:39:04.595442
415,CCFR-R00899,ALL_INC,REPAIR,2026-05-25,232,3,128,18939.00,18939.00,0.000000,0.00,0.000000,0.00,0.000000,0.00,18939.00,189390.00,,False,,,,N/A,2026-06-25 07:39:04.596031,2026-06-25 07:39:04.596031
420,CCFR-R00904,ALL_INC,REPAIR,2026-05-27,256,4,129,18880.00,18880.00,0.000000,0.00,0.000000,0.00,0.000000,0.00,18880.00,0.00,PRAMOD,False,,,,N/A,2026-06-25 07:39:04.598578,2026-06-25 07:39:04.598578
421,CCFR-R00905,ALL_INC,REPAIR,2026-05-27,179,4,129,3540.00,3540.00,0.000000,0.00,0.000000,0.00,0.000000,0.00,3540.00,0.00,CASH DIPOSITE,False,,,,N/A,2026-06-25 07:39:04.599401,2026-06-25 07:39:04.599401
422,CCFR-R00906,ALL_INC,REPAIR,2026-05-28,128,4,130,7670.00,7670.00,0.000000,0.00,0.000000,0.00,0.000000,0.00,7670.00,0.00,PRAMOD,False,,,,N/A,2026-06-25 07:39:04.600068,2026-06-25 07:39:04.600068
423,CCFR-R00907,ALL_INC,REPAIR,2026-05-28,178,4,130,4130.00,4130.00,0.000000,0.00,0.000000,0.00,0.000000,0.00,4130.00,41300.00,,False,,,,N/A,2026-06-25 07:39:04.600779,2026-06-25 07:39:04.600779
424,CCFR-R00908,ALL_INC,REPAIR,2026-05-29,145,4,131,7670.00,7670.00,0.000000,0.00,0.000000,0.00,0.000000,0.00,7670.00,0.00,PRAMOD,False,,,,N/A,2026-06-25 07:39:04.601168,2026-06-25 07:39:04.601168
425,CCFR-R00909,ALL_INC,REPAIR,2026-05-29,133,4,131,5310.00,5310.00,0.000000,0.00,0.000000,0.00,0.000000,0.00,5310.00,53100.00,,False,,,,N/A,2026-06-25 07:39:04.601792,2026-06-25 07:39:04.601792
427,CCFR-R00911,ALL_INC,REPAIR,2026-05-29,101,1,131,4130.00,4130.00,0.000000,0.00,0.000000,0.00,0.000000,0.00,4130.00,0.00,JOSHOP,False,,,,N/A,2026-06-25 07:39:04.602503,2026-06-25 07:39:04.602503
432,CCFR-R00916,ALL_INC,REPAIR,2026-06-02,137,3,150,2360.00,2360.00,0.000000,0.00,0.000000,0.00,0.000000,0.00,2360.00,0.00,pramod,False,,,,N/A,2026-06-25 07:39:04.605188,2026-06-25 07:39:04.605188
434,CCFR-R00918,ALL_INC,REPAIR,2026-06-03,93,3,151,18270.00,18270.00,0.000000,0.00,0.000000,0.00,0.000000,0.00,18270.00,0.00,SHEN,False,,,,N/A,2026-06-25 07:39:04.607052,2026-06-25 07:39:04.607052
436,CCFR-R00920,ALL_INC,REPAIR,2026-06-04,61,4,152,4130.00,4130.00,0.000000,0.00,0.000000,0.00,0.000000,0.00,4130.00,0.00,JOSHOP,False,,,,N/A,2026-06-25 07:39:04.608909,2026-06-25 07:39:04.608909
437,CCFR-R00921,ALL_INC,REPAIR,2026-06-04,71,4,152,12500.00,12500.00,0.000000,0.00,0.000000,0.00,0.000000,0.00,12500.00,125000.00,,False,,,,N/A,2026-06-25 07:39:04.609596,2026-06-25 07:39:04.609596
439,CCFR-R00923,ALL_INC,REPAIR,2026-06-04,253,3,152,31034.00,31034.00,0.000000,0.00,0.000000,0.00,0.000000,0.00,31034.00,0.00,PRAMOD,False,,,,N/A,2026-06-25 07:39:04.610627,2026-06-25 07:39:04.610627
440,CCFR-R00924,ALL_INC,REPAIR,2026-06-04,102,3,152,16500.00,16500.00,0.000000,0.00,0.000000,0.00,0.000000,0.00,16500.00,0.00,HASITHA,False,,,,N/A,2026-06-25 07:39:04.611246,2026-06-25 07:39:04.611246
446,CCFR-R00930,ALL_INC,REPAIR,2026-06-07,214,4,153,6608.00,6608.00,0.000000,0.00,0.000000,0.00,0.000000,0.00,6608.00,0.00,JOSHOP,False,,,,N/A,2026-06-25 07:39:04.615113,2026-06-25 07:39:04.615113
450,CCFR-R00934,ALL_INC,REPAIR,2026-06-09,233,1,154,16520.00,16520.00,0.000000,0.00,0.000000,0.00,0.000000,0.00,16520.00,0.00,PRAMOD,False,,,,N/A,2026-06-25 07:39:04.617733,2026-06-25 07:39:04.617733
453,CCFR-R00937,ALL_INC,REPAIR,2026-06-11,215,1,155,3540.00,3540.00,0.000000,0.00,0.000000,0.00,0.000000,0.00,3540.00,35400.00,,False,,,,N/A,2026-06-25 07:39:04.619264,2026-06-25 07:39:04.619264
455,CCFR-R00939,ALL_INC,REPAIR,2026-06-11,157,1,155,24190.00,24190.00,0.000000,0.00,0.000000,0.00,0.000000,0.00,24190.00,241900.00,,False,,,,N/A,2026-06-25 07:39:04.620222,2026-06-25 07:39:04.620222
457,CCFR-R00941,ALL_INC,REPAIR,2026-06-12,43,4,156,3540.00,3540.00,0.000000,0.00,0.000000,0.00,0.000000,0.00,3540.00,0.00,SHEN,False,,,,N/A,2026-06-25 07:39:04.621137,2026-06-25 07:39:04.621137
458,CCFR-R00942,ALL_INC,REPAIR,2026-06-12,10,4,156,6080.00,6080.00,0.000000,0.00,0.000000,0.00,0.000000,0.00,6080.00,60800.00,,False,,,,N/A,2026-06-25 07:39:04.621705,2026-06-25 07:39:04.621705
459,CCFR-R00943,ALL_INC,REPAIR,2026-06-12,94,1,156,8260.00,8260.00,0.000000,0.00,0.000000,0.00,0.000000,0.00,8260.00,0.00,SHEN,False,,,,N/A,2026-06-25 07:39:04.622064,2026-06-25 07:39:04.622064
460,CCFR-R00944,ALL_INC,REPAIR,2026-06-15,186,3,157,8260.00,8260.00,0.000000,0.00,0.000000,0.00,0.000000,0.00,8260.00,82600.00,,False,,,,N/A,2026-06-25 07:39:04.623375,2026-06-25 07:39:04.623375
475,CCFR-R00959,ALL_INC,REPAIR,2026-06-17,215,2,158,39530.00,39530.00,0.000000,0.00,0.000000,0.00,0.000000,0.00,39530.00,395300.00,,False,,,,N/A,2026-06-25 07:39:04.631521,2026-06-25 07:39:04.631521
487,CCFR-R00971,ALL_INC,REPAIR,2026-06-23,126,1,159,7670.00,7670.00,0.000000,0.00,0.000000,0.00,0.000000,0.00,7670.00,0.00,SHEN,False,,,,N/A,2026-06-25 07:39:04.637327,2026-06-25 07:39:04.637327
505,CCFR-R00989,ALL_INC,REPAIR,2026-06-24,175,2,160,2950.00,2950.00,0.000000,0.00,0.000000,0.00,0.000000,0.00,2950.00,29500.00,,False,,,,N/A,2026-06-25 07:39:04.645899,2026-06-25 07:39:04.645899
506,CCFR-R00990,ALL_INC,REPAIR,2026-06-24,247,2,160,2950.00,2950.00,0.000000,0.00,0.000000,0.00,0.000000,0.00,2950.00,29500.00,,False,,,,N/A,2026-06-25 07:39:04.646270,2026-06-25 07:39:04.646270
510,2026-01-R12497,VAT,REPAIR,2026-01-26,4,,1,2360.00,2360.00,0.000000,0.00,0.000000,0.00,0.000000,3600.00,5960.00,0.00,PRAMODH,False,,,,N/A,2026-06-25 07:39:04.647876,2026-06-25 07:39:04.647876
513,2026-02-R12500,VAT,REPAIR,2026-02-09,29,,,0.00,0.00,0.000000,0.00,0.000000,0.00,0.000000,0.00,0.00,0.00,CANCELED NEW INV 2026-02-S12502,False,,,,N/A,2026-06-25 07:39:04.649621,2026-06-25 07:39:04.649621
517,2026-02-R12504,VAT,REPAIR,2026-02-20,25,,,10620.00,10620.00,0.000000,0.00,0.000000,0.00,0.000000,16200.00,26820.00,0.00,HASITH,False,,,,N/A,2026-06-25 07:39:04.651434,2026-06-25 07:39:04.651434
518,2026-02-R12505,VAT,REPAIR,2026-02-20,25,,,10620.00,10620.00,0.000000,0.00,0.000000,0.00,0.000000,16200.00,26820.00,0.00,HASITH,False,,,,N/A,2026-06-25 07:39:04.652020,2026-06-25 07:39:04.652020
519,2026-02-R12506,VAT,REPAIR,2026-02-20,25,,,15222.00,15222.00,0.000000,0.00,0.000000,0.00,0.000000,23220.00,38442.00,0.00,HASITH,False,,,,N/A,2026-06-25 07:39:04.652594,2026-06-25 07:39:04.652594
520,2026-02-R12507,VAT,REPAIR,2026-02-23,114,,32,4720.00,4720.00,0.000000,0.00,0.000000,0.00,0.000000,7200.00,11920.00,0.00,PRAMODH,False,,,,N/A,2026-06-25 07:39:04.652923,2026-06-25 07:39:04.652923
531,2026-03-R12519,VAT,REPAIR,2026-03-12,18,,,4130.00,4130.00,0.000000,0.00,0.000000,0.00,0.000000,6300.00,10430.00,0.00,ONLINE TRAN MR ASANKA,False,,,,N/A,2026-06-25 07:39:04.663379,2026-06-25 07:39:04.663379
533,2026-03-R12521,VAT,REPAIR,2026-03-13,27,,59,10030.00,10030.00,0.000000,0.00,0.000000,0.00,0.000000,15300.00,25330.00,0.00,Bank Transfer,False,,,,N/A,2026-06-25 07:39:04.664535,2026-06-25 07:39:04.664535
536,2026-03-R12524,VAT,REPAIR,2026-03-19,5,,,2500.00,2500.00,0.000000,0.00,0.000000,0.00,0.000000,4500.00,7000.00,25000.00,,False,,,,N/A,2026-06-25 07:39:04.665793,2026-06-25 07:39:04.665793
537,2026-03-R12525,VAT,REPAIR,2026-03-20,5,,,14850.00,14850.00,0.000000,0.00,0.000000,0.00,0.000000,26730.00,41580.00,148500.00,,False,,,,N/A,2026-06-25 07:39:04.666125,2026-06-25 07:39:04.666125
560,2026-05-R12552,VAT,REPAIR,2026-05-07,5,,113,20650.00,20650.00,0.000000,0.00,0.000000,0.00,0.000000,31500.00,52150.00,0.00,HASITH,False,,,,N/A,2026-06-25 07:39:04.683250,2026-06-25 07:39:04.683250
641,CCFR-S00989,ALL_INC,SALE,2026-06-27,76,,,700.00,700.00,0.200000,140.00,0.025000,21.00,0.180000,154.98,1015.98,0.00,,False,,,,,2026-06-27 10:56:56.799553,2026-06-27 10:56:56.799553
642,2026-06-S12605,VAT,SALE,2026-06-27,76,,,700.00,700.00,0.200000,140.00,0.025000,21.00,0.180000,154.98,1015.98,0.00,,True,,,,,2026-06-27 10:58:45.960112,2026-06-27 10:58:45.960112
597,2026-06-S12592,VAT,SALE,2026-06-16,45,,169,0.00,0.00,0.000000,0.00,0.000000,0.00,0.000000,0.00,0.00,0.00,CANCELD NEW INV 2026-06-S12600  ITEM CHANGE,True,,,,N/A,2026-06-25 07:39:04.702971,2026-06-25 07:39:04.702971
598,2026-06-S12593,VAT,SALE,2026-06-17,19,,171,4200.00,4200.00,0.000000,0.00,0.000000,0.00,0.000000,7560.00,11760.00,0.00,SHEN,True,,,,N/A,2026-06-25 07:39:04.703377,2026-06-25 07:39:04.703377
599,2026-06-S12594,VAT,SALE,2026-06-17,23,,171,7800.00,7800.00,0.000000,0.00,0.000000,0.00,0.000000,14040.00,21840.00,0.00,SHEN,True,,,,N/A,2026-06-25 07:39:04.703980,2026-06-25 07:39:04.703980
600,2026-06-S12595,VAT,SALE,2026-06-19,29,,,3500.00,3500.00,0.000000,0.00,0.000000,0.00,0.000000,6300.00,9800.00,41300.00,,True,,,,N/A,2026-06-25 07:39:04.704572,2026-06-25 07:39:04.704572
601,2026-06-S12596,VAT,SALE,2026-06-19,23,,,1820.00,1820.00,0.000000,0.00,0.000000,0.00,0.000000,3276.00,5096.00,0.00,SHEN,True,,,,N/A,2026-06-25 07:39:04.704927,2026-06-25 07:39:04.704927
602,2026-06-S12597,VAT,SALE,2026-06-20,105,,,302750.00,302750.00,0.000000,0.00,0.000000,0.00,0.000000,544950.00,847700.00,3572450.00,,True,,,,N/A,2026-06-25 07:39:04.705552,2026-06-25 07:39:04.705552
603,2026-06-S12598,VAT,SALE,2026-06-20,24,,,51720.00,51720.00,0.000000,0.00,0.000000,0.00,0.000000,93090.00,144810.00,610290.00,,True,,,,N/A,2026-06-25 07:39:04.706145,2026-06-25 07:39:04.706145
604,2026-06-S12599,VAT,SALE,2026-06-20,105,,,21500.00,21500.00,0.000000,0.00,0.000000,0.00,0.000000,38700.00,60200.00,253700.00,,True,,,,N/A,2026-06-25 07:39:04.707487,2026-06-25 07:39:04.707487
605,2026-06-S12600,VAT,SALE,2026-06-22,45,,,50860.00,50860.00,0.000000,0.00,0.000000,0.00,0.000000,91548.00,142408.00,600148.00,,True,,,,N/A,2026-06-25 07:39:04.708109,2026-06-25 07:39:04.708109
606,2026-06-S12601,VAT,SALE,2026-06-22,28,,,0.00,0.00,0.000000,0.00,0.000000,0.00,0.000000,0.00,0.00,0.00,CANCELD ITEM REJECT,True,,,,N/A,2026-06-25 07:39:04.708783,2026-06-25 07:39:04.708783
607,2026-06-S12602,VAT,SALE,2026-06-23,13,,,4000.00,4000.00,0.000000,0.00,0.000000,0.00,0.000000,7200.00,11200.00,47200.00,,True,,,,N/A,2026-06-25 07:39:04.709311,2026-06-25 07:39:04.709311
608,2026-06-S12603,VAT,SALE,2026-06-24,30,,,86350.00,86350.00,0.000000,0.00,0.000000,0.00,0.000000,155430.00,241780.00,1018930.00,,True,,,,N/A,2026-06-25 07:39:04.709819,2026-06-25 07:39:04.709819
609,2026-06-S12604,VAT,SALE,2026-06-24,26,,,1625.00,1625.00,0.000000,0.00,0.000000,0.00,0.000000,2925.00,4550.00,19175.00,,True,,,,N/A,2026-06-25 07:39:04.710427,2026-06-25 07:39:04.710427
1,CCFR-S00485,ALL_INC,SALE,2026-01-01,268,1,13,200600.00,200600.00,0.000000,0.00,0.000000,0.00,0.000000,0.00,200600.00,0.00,,False,,,,N/A,2026-06-25 07:39:04.330750,2026-06-25 07:39:04.330750
2,CCFR-S00486,ALL_INC,SALE,2026-01-01,255,1,13,5723.00,5723.00,0.000000,0.00,0.000000,0.00,0.000000,0.00,5723.00,0.00,SHEN,False,,,,N/A,2026-06-25 07:39:04.334873,2026-06-25 07:39:04.334873
3,CCFR-S00487,ALL_INC,SALE,2026-01-01,255,1,13,200600.00,200600.00,0.000000,0.00,0.000000,0.00,0.000000,0.00,200600.00,0.00,SHEN,False,,,,N/A,2026-06-25 07:39:04.335731,2026-06-25 07:39:04.335731
4,CCFR-S00488,ALL_INC,SALE,2026-01-01,261,1,13,27423.00,27423.00,0.000000,0.00,0.000000,0.00,0.000000,0.00,27423.00,0.00,MR JOSH,False,,,,N/A,2026-06-25 07:39:04.336488,2026-06-25 07:39:04.336488
5,CCFR-S00489,ALL_INC,SALE,2026-01-01,168,1,13,12921.00,12921.00,0.000000,0.00,0.000000,0.00,0.000000,0.00,12921.00,0.00,PRAMOD,False,,,,N/A,2026-06-25 07:39:04.337196,2026-06-25 07:39:04.337196
6,CCFR-S00490,ALL_INC,SALE,2026-01-01,161,1,13,14750.00,14750.00,0.000000,0.00,0.000000,0.00,0.000000,0.00,14750.00,0.00,PRAMOD,False,,,,N/A,2026-06-25 07:39:04.338094,2026-06-25 07:39:04.338094
7,CCFR-S00491,ALL_INC,SALE,2026-01-02,168,1,14,6902.00,6902.00,0.000000,0.00,0.000000,0.00,0.000000,0.00,6902.00,0.00,PRAMOD,False,,,,N/A,2026-06-25 07:39:04.338845,2026-06-25 07:39:04.338845
8,CCFR-S00492,ALL_INC,SALE,2026-01-05,225,2,15,8614.00,8614.00,0.000000,0.00,0.000000,0.00,0.000000,0.00,8614.00,0.00,OFICE POST,False,,,,N/A,2026-06-25 07:39:04.339730,2026-06-25 07:39:04.339730
9,CCFR-S00493,ALL_INC,SALE,2026-01-05,212,2,15,3186.00,3186.00,0.000000,0.00,0.000000,0.00,0.000000,0.00,3186.00,0.00,Diposite,False,,,,N/A,2026-06-25 07:39:04.341044,2026-06-25 07:39:04.341044
10,CCFR-S00494,ALL_INC,SALE,2026-01-05,191,2,15,8260.00,8260.00,0.000000,0.00,0.000000,0.00,0.000000,0.00,8260.00,0.00,MR ASANKA,False,,,,N/A,2026-06-25 07:39:04.341927,2026-06-25 07:39:04.341927
11,CCFR-S00495,ALL_INC,SALE,2026-01-05,186,2,15,2183.00,2183.00,0.000000,0.00,0.000000,0.00,0.000000,0.00,2183.00,0.00,SHEN,False,,,,N/A,2026-06-25 07:39:04.342655,2026-06-25 07:39:04.342655
12,CCFR-S00496,ALL_INC,SALE,2026-01-05,141,2,15,4956.00,4956.00,0.000000,0.00,0.000000,0.00,0.000000,0.00,4956.00,0.00,PRAMOD,False,,,,N/A,2026-06-25 07:39:04.343309,2026-06-25 07:39:04.343309
13,CCFR-S00497,ALL_INC,SALE,2026-01-05,103,2,15,135000.00,135000.00,0.000000,0.00,0.000000,0.00,0.000000,0.00,135000.00,0.00,,False,,,,N/A,2026-06-25 07:39:04.343927,2026-06-25 07:39:04.343927
14,CCFR-S00498,ALL_INC,SALE,2026-01-06,230,1,16,8260.00,8260.00,0.000000,0.00,0.000000,0.00,0.000000,0.00,8260.00,0.00,SHEN,False,,,,N/A,2026-06-25 07:39:04.344523,2026-06-25 07:39:04.344523
16,CCFR-S00500,ALL_INC,SALE,2026-01-06,170,2,16,13098.00,13098.00,0.000000,0.00,0.000000,0.00,0.000000,0.00,13098.00,0.00,PRAMOD,False,,,,N/A,2026-06-25 07:39:04.345718,2026-06-25 07:39:04.345718
17,CCFR-S00501,ALL_INC,SALE,2026-01-06,154,2,16,23069.00,23069.00,0.000000,0.00,0.000000,0.00,0.000000,0.00,23069.00,0.00,PRAMOD,False,,,,N/A,2026-06-25 07:39:04.346300,2026-06-25 07:39:04.346300
18,CCFR-S00502,ALL_INC,SALE,2026-01-06,153,2,16,112926.00,112926.00,0.000000,0.00,0.000000,0.00,0.000000,0.00,112926.00,0.00,SHEN,False,,,,N/A,2026-06-25 07:39:04.346902,2026-06-25 07:39:04.346902
19,CCFR-S00503,ALL_INC,SALE,2026-01-06,95,1,16,219480.00,219480.00,0.000000,0.00,0.000000,0.00,0.000000,0.00,219480.00,0.00,SHEN,False,,,,N/A,2026-06-25 07:39:04.347494,2026-06-25 07:39:04.347494
20,CCFR-S00504,ALL_INC,SALE,2026-01-06,8,2,16,2950.00,2950.00,0.000000,0.00,0.000000,0.00,0.000000,0.00,2950.00,0.00,SHEN,False,,,,N/A,2026-06-25 07:39:04.348096,2026-06-25 07:39:04.348096
22,CCFR-S00506,ALL_INC,SALE,2026-01-08,284,1,17,99946.00,99946.00,0.000000,0.00,0.000000,0.00,0.000000,0.00,99946.00,0.00,CHAMINDA,False,,,,N/A,2026-06-25 07:39:04.349443,2026-06-25 07:39:04.349443
23,CCFR-S00507,ALL_INC,SALE,2026-01-09,175,1,18,4661.00,4661.00,0.000000,0.00,0.000000,0.00,0.000000,0.00,4661.00,0.00,PRAMOD,False,,,,N/A,2026-06-25 07:39:04.350061,2026-06-25 07:39:04.350061
27,CCFR-S00511,ALL_INC,SALE,2026-01-09,144,3,18,26550.00,26550.00,0.000000,0.00,0.000000,0.00,0.000000,0.00,26550.00,0.00,SHEN,False,,,,N/A,2026-06-25 07:39:04.352430,2026-06-25 07:39:04.352430
29,CCFR-S00513,ALL_INC,SALE,2026-01-10,161,2,19,2183.00,2183.00,0.000000,0.00,0.000000,0.00,0.000000,0.00,2183.00,0.00,SHEN,False,,,,N/A,2026-06-25 07:39:04.353673,2026-06-25 07:39:04.353673
30,CCFR-S00514,ALL_INC,SALE,2026-01-10,153,1,19,252402.00,252402.00,0.000000,0.00,0.000000,0.00,0.000000,0.00,252402.00,0.00,SHEN,False,,,,N/A,2026-06-25 07:39:04.354293,2026-06-25 07:39:04.354293
31,CCFR-S00515,ALL_INC,SALE,2026-01-10,144,2,19,4130.00,4130.00,0.000000,0.00,0.000000,0.00,0.000000,0.00,4130.00,0.00,SHEN,False,,,,N/A,2026-06-25 07:39:04.354883,2026-06-25 07:39:04.354883
32,CCFR-S00516,ALL_INC,SALE,2026-01-10,144,2,19,4720.00,4720.00,0.000000,0.00,0.000000,0.00,0.000000,0.00,4720.00,0.00,SHEN,False,,,,N/A,2026-06-25 07:39:04.355628,2026-06-25 07:39:04.355628
33,CCFR-S00517,ALL_INC,SALE,2026-01-12,153,2,20,24780.00,24780.00,0.000000,0.00,0.000000,0.00,0.000000,0.00,24780.00,0.00,HASITHA,False,,,,N/A,2026-06-25 07:39:04.357436,2026-06-25 07:39:04.357436
34,CCFR-S00518,ALL_INC,SALE,2026-01-12,237,2,20,8260.00,8260.00,0.000000,0.00,0.000000,0.00,0.000000,0.00,8260.00,0.00,PRAMOD,False,,,,N/A,2026-06-25 07:39:04.358458,2026-06-25 07:39:04.358458
35,CCFR-S00519,ALL_INC,SALE,2026-01-12,228,2,20,4130.00,4130.00,0.000000,0.00,0.000000,0.00,0.000000,0.00,4130.00,0.00,PRAMOD,False,,,,N/A,2026-06-25 07:39:04.359164,2026-06-25 07:39:04.359164
36,CCFR-S00520,ALL_INC,SALE,2026-01-12,210,2,20,5546.00,5546.00,0.000000,0.00,0.000000,0.00,0.000000,0.00,5546.00,0.00,SHEN  CREDIT Rs 40,False,,,,N/A,2026-06-25 07:39:04.359795,2026-06-25 07:39:04.359795
37,CCFR-S00521,ALL_INC,SALE,2026-01-12,157,2,20,8260.00,8260.00,0.000000,0.00,0.000000,0.00,0.000000,0.00,8260.00,0.00,SHEN,False,,,,N/A,2026-06-25 07:39:04.360388,2026-06-25 07:39:04.360388
38,CCFR-S00522,ALL_INC,SALE,2026-01-12,100,2,20,54800.00,54800.00,0.000000,0.00,0.000000,0.00,0.000000,0.00,54800.00,0.00,MR ASANKA,False,,,,N/A,2026-06-25 07:39:04.360992,2026-06-25 07:39:04.360992
39,CCFR-S00523,ALL_INC,SALE,2026-01-12,63,2,20,1900.00,1900.00,0.000000,0.00,0.000000,0.00,0.000000,0.00,1900.00,0.00,PRAMOD,False,,,,N/A,2026-06-25 07:39:04.361580,2026-06-25 07:39:04.361580
40,CCFR-S00524,ALL_INC,SALE,2026-01-13,216,2,21,8260.00,8260.00,0.000000,0.00,0.000000,0.00,0.000000,0.00,8260.00,0.00,SHEN,False,,,,N/A,2026-06-25 07:39:04.362177,2026-06-25 07:39:04.362177
42,CCFR-S00526,ALL_INC,SALE,2026-01-13,98,2,21,55460.00,55460.00,0.000000,0.00,0.000000,0.00,0.000000,0.00,55460.00,0.00,SHEN,False,,,,N/A,2026-06-25 07:39:04.363372,2026-06-25 07:39:04.363372
43,CCFR-S00527,ALL_INC,SALE,2026-01-14,267,3,22,6490.00,6490.00,0.000000,0.00,0.000000,0.00,0.000000,0.00,6490.00,0.00,SHEN,False,,,,N/A,2026-06-25 07:39:04.364009,2026-06-25 07:39:04.364009
44,CCFR-S00528,ALL_INC,SALE,2026-01-14,257,1,22,5546.00,5546.00,0.000000,0.00,0.000000,0.00,0.000000,0.00,5546.00,0.00,,False,,,,N/A,2026-06-25 07:39:04.364592,2026-06-25 07:39:04.364592
47,CCFR-S00531,ALL_INC,SALE,2026-01-14,47,3,22,1357.00,1357.00,0.000000,0.00,0.000000,0.00,0.000000,0.00,1357.00,0.00,,False,,,,N/A,2026-06-25 07:39:04.366361,2026-06-25 07:39:04.366361
48,CCFR-S00532,ALL_INC,SALE,2026-01-16,273,2,23,2865925.00,2865925.00,0.000000,0.00,0.000000,0.00,0.000000,0.00,2865925.00,0.00,SHEN,False,,,,N/A,2026-06-25 07:39:04.366921,2026-06-25 07:39:04.366921
49,CCFR-S00533,ALL_INC,SALE,2026-01-16,272,2,23,2865925.00,2865925.00,0.000000,0.00,0.000000,0.00,0.000000,0.00,2865925.00,0.00,SHEN,False,,,,N/A,2026-06-25 07:39:04.367510,2026-06-25 07:39:04.367510
50,CCFR-S00534,ALL_INC,SALE,2026-01-16,270,2,23,2865925.00,2865925.00,0.000000,0.00,0.000000,0.00,0.000000,0.00,2865925.00,0.00,SHEN,False,,,,N/A,2026-06-25 07:39:04.368090,2026-06-25 07:39:04.368090
51,CCFR-S00535,ALL_INC,SALE,2026-01-16,271,2,23,2865925.00,2865925.00,0.000000,0.00,0.000000,0.00,0.000000,0.00,2865925.00,0.00,SHEN,False,,,,N/A,2026-06-25 07:39:04.368678,2026-06-25 07:39:04.368678
53,CCFR-S00537,ALL_INC,SALE,2026-01-16,250,2,23,2865925.00,2865925.00,0.000000,0.00,0.000000,0.00,0.000000,0.00,2865925.00,0.00,SHEN,False,,,,N/A,2026-06-25 07:39:04.369848,2026-06-25 07:39:04.369848
55,CCFR-S00539,ALL_INC,SALE,2026-01-16,156,2,23,4661.00,4661.00,0.000000,0.00,0.000000,0.00,0.000000,0.00,4661.00,0.00,SHEN,False,,,,N/A,2026-06-25 07:39:04.370990,2026-06-25 07:39:04.370990
57,CCFR-S00541,ALL_INC,SALE,2026-01-17,270,1,24,13983.00,13983.00,0.000000,0.00,0.000000,0.00,0.000000,0.00,13983.00,0.00,,False,,,,N/A,2026-06-25 07:39:04.372143,2026-06-25 07:39:04.372143
58,CCFR-S00542,ALL_INC,SALE,2026-01-17,166,4,24,1770.00,1770.00,0.000000,0.00,0.000000,0.00,0.000000,0.00,1770.00,0.00,PRAMOD,False,,,,N/A,2026-06-25 07:39:04.373016,2026-06-25 07:39:04.373016
59,CCFR-S00543,ALL_INC,SALE,2026-01-17,126,4,24,6902.00,6902.00,0.000000,0.00,0.000000,0.00,0.000000,0.00,6902.00,0.00,SHEN,False,,,,N/A,2026-06-25 07:39:04.374513,2026-06-25 07:39:04.374513
60,CCFR-S00544,ALL_INC,SALE,2026-01-17,99,4,24,1888.00,1888.00,0.000000,0.00,0.000000,0.00,0.000000,0.00,1888.00,0.00,MR ASANKA,False,,,,N/A,2026-06-25 07:39:04.375314,2026-06-25 07:39:04.375314
62,CCFR-S00546,ALL_INC,SALE,2026-01-17,77,4,24,1888.00,1888.00,0.000000,0.00,0.000000,0.00,0.000000,0.00,1888.00,0.00,MR ASANKA,False,,,,N/A,2026-06-25 07:39:04.376369,2026-06-25 07:39:04.376369
64,CCFR-S00548,ALL_INC,SALE,2026-01-19,260,2,25,4602.00,4602.00,0.000000,0.00,0.000000,0.00,0.000000,0.00,4602.00,0.00,SHEN,False,,,,N/A,2026-06-25 07:39:04.377634,2026-06-25 07:39:04.377634
67,CCFR-S00551,ALL_INC,SALE,2026-01-20,76,2,26,315945.00,315945.00,0.000000,0.00,0.000000,0.00,0.000000,0.00,315945.00,0.00,MR ASANKA,False,,,,N/A,2026-06-25 07:39:04.379617,2026-06-25 07:39:04.379617
68,CCFR-S00552,ALL_INC,SALE,2026-01-21,262,2,27,56463.00,56463.00,0.000000,0.00,0.000000,0.00,0.000000,0.00,56463.00,0.00,Diposite,False,,,,N/A,2026-06-25 07:39:04.380220,2026-06-25 07:39:04.380220
70,CCFR-S00554,ALL_INC,SALE,2026-01-21,208,2,27,146910.00,146910.00,0.000000,0.00,0.000000,0.00,0.000000,0.00,146910.00,0.00,Diposite,False,,,,N/A,2026-06-25 07:39:04.381991,2026-06-25 07:39:04.381991
71,CCFR-S00555,ALL_INC,SALE,2026-01-21,92,2,27,4366.00,4366.00,0.000000,0.00,0.000000,0.00,0.000000,0.00,4366.00,0.00,MR ASANKA,False,,,,N/A,2026-06-25 07:39:04.382639,2026-06-25 07:39:04.382639
73,CCFR-S00557,ALL_INC,SALE,2026-01-22,275,2,28,8260.00,8260.00,0.000000,0.00,0.000000,0.00,0.000000,0.00,8260.00,0.00,SHEN,False,,,,N/A,2026-06-25 07:39:04.383620,2026-06-25 07:39:04.383620
76,CCFR-S00560,ALL_INC,SALE,2026-01-22,44,1,28,32450.00,32450.00,0.000000,0.00,0.000000,0.00,0.000000,0.00,32450.00,0.00,JOSHOP,False,,,,N/A,2026-06-25 07:39:04.385421,2026-06-25 07:39:04.385421
77,CCFR-S00561,ALL_INC,SALE,2026-01-23,151,4,29,8260.00,8260.00,0.000000,0.00,0.000000,0.00,0.000000,0.00,8260.00,0.00,SHEN,False,,,,N/A,2026-06-25 07:39:04.386004,2026-06-25 07:39:04.386004
79,CCFR-S00563,ALL_INC,SALE,2026-01-23,63,2,29,218110.00,218110.00,0.000000,0.00,0.000000,0.00,0.000000,0.00,218110.00,0.00,MR ASANKA,False,,,,N/A,2026-06-25 07:39:04.387178,2026-06-25 07:39:04.387178
80,CCFR-S00564,ALL_INC,SALE,2026-01-23,3,2,29,11626.00,11626.00,0.000000,0.00,0.000000,0.00,0.000000,0.00,11626.00,0.00,,False,,,,N/A,2026-06-25 07:39:04.387751,2026-06-25 07:39:04.387751
81,CCFR-S00565,ALL_INC,SALE,2026-02-02,277,1,39,10443.00,10443.00,0.000000,0.00,0.000000,0.00,0.000000,0.00,10443.00,0.00,JOSHOP,False,,,,N/A,2026-06-25 07:39:04.388325,2026-06-25 07:39:04.388325
82,CCFR-S00566,ALL_INC,SALE,2026-02-02,242,2,39,29500.00,29500.00,0.000000,0.00,0.000000,0.00,0.000000,0.00,29500.00,0.00,PRAMOD,False,,,,N/A,2026-06-25 07:39:04.388913,2026-06-25 07:39:04.388913
83,CCFR-S00567,ALL_INC,SALE,2026-02-02,220,1,39,8260.00,8260.00,0.000000,0.00,0.000000,0.00,0.000000,0.00,8260.00,0.00,POST,False,,,,N/A,2026-06-25 07:39:04.389779,2026-06-25 07:39:04.389779
84,CCFR-S00568,ALL_INC,SALE,2026-02-02,218,1,39,8260.00,8260.00,0.000000,0.00,0.000000,0.00,0.000000,0.00,8260.00,0.00,,False,,,,N/A,2026-06-25 07:39:04.390689,2026-06-25 07:39:04.390689
85,CCFR-S00569,ALL_INC,SALE,2026-02-02,209,1,39,4661.00,4661.00,0.000000,0.00,0.000000,0.00,0.000000,0.00,4661.00,0.00,,False,,,,N/A,2026-06-25 07:39:04.391499,2026-06-25 07:39:04.391499
86,CCFR-S00570,ALL_INC,SALE,2026-02-02,206,1,39,8260.00,8260.00,0.000000,0.00,0.000000,0.00,0.000000,0.00,8260.00,0.00,POST,False,,,,N/A,2026-06-25 07:39:04.391885,2026-06-25 07:39:04.391885
87,CCFR-S00571,ALL_INC,SALE,2026-02-02,194,1,39,12390.00,12390.00,0.000000,0.00,0.000000,0.00,0.000000,0.00,12390.00,0.00,POST,False,,,,N/A,2026-06-25 07:39:04.392512,2026-06-25 07:39:04.392512
88,CCFR-S00572,ALL_INC,SALE,2026-02-02,188,1,39,33630.00,33630.00,0.000000,0.00,0.000000,0.00,0.000000,0.00,33630.00,0.00,PRAMOD,False,,,,N/A,2026-06-25 07:39:04.393121,2026-06-25 07:39:04.393121
89,CCFR-S00573,ALL_INC,SALE,2026-02-02,179,1,39,8260.00,8260.00,0.000000,0.00,0.000000,0.00,0.000000,0.00,8260.00,0.00,MR ASANKA,False,,,,N/A,2026-06-25 07:39:04.393710,2026-06-25 07:39:04.393710
90,CCFR-S00574,ALL_INC,SALE,2026-02-02,178,1,39,8260.00,8260.00,0.000000,0.00,0.000000,0.00,0.000000,0.00,8260.00,0.00,POST,False,,,,N/A,2026-06-25 07:39:04.394297,2026-06-25 07:39:04.394297
91,CCFR-S00575,ALL_INC,SALE,2026-02-02,176,1,39,8260.00,8260.00,0.000000,0.00,0.000000,0.00,0.000000,0.00,8260.00,0.00,PRAMOD,False,,,,N/A,2026-06-25 07:39:04.394892,2026-06-25 07:39:04.394892
92,CCFR-S00576,ALL_INC,SALE,2026-02-02,172,1,39,8260.00,8260.00,0.000000,0.00,0.000000,0.00,0.000000,0.00,8260.00,0.00,POST,False,,,,N/A,2026-06-25 07:39:04.395487,2026-06-25 07:39:04.395487
93,CCFR-S00577,ALL_INC,SALE,2026-02-02,170,2,39,7965.00,7965.00,0.000000,0.00,0.000000,0.00,0.000000,0.00,7965.00,0.00,,False,,,,N/A,2026-06-25 07:39:04.396088,2026-06-25 07:39:04.396088
94,CCFR-S00578,ALL_INC,SALE,2026-02-02,163,2,39,24780.00,24780.00,0.000000,0.00,0.000000,0.00,0.000000,0.00,24780.00,0.00,PRAMOD,False,,,,N/A,2026-06-25 07:39:04.396435,2026-06-25 07:39:04.396435
95,CCFR-S00579,ALL_INC,SALE,2026-02-02,136,1,39,4543.00,4543.00,0.000000,0.00,0.000000,0.00,0.000000,0.00,4543.00,0.00,PRAMOD,False,,,,N/A,2026-06-25 07:39:04.397011,2026-06-25 07:39:04.397011
96,CCFR-S00580,ALL_INC,SALE,2026-02-02,130,1,39,12390.00,12390.00,0.000000,0.00,0.000000,0.00,0.000000,0.00,12390.00,0.00,PRAMOD,False,,,,N/A,2026-06-25 07:39:04.397588,2026-06-25 07:39:04.397588
97,CCFR-S00581,ALL_INC,SALE,2026-02-05,259,3,40,3363.00,3363.00,0.000000,0.00,0.000000,0.00,0.000000,0.00,3363.00,0.00,PRAMOD,False,,,,N/A,2026-06-25 07:39:04.398167,2026-06-25 07:39:04.398167
98,CCFR-S00582,ALL_INC,SALE,2026-02-05,229,3,40,2950.00,2950.00,0.000000,0.00,0.000000,0.00,0.000000,0.00,2950.00,0.00,PRAMOD,False,,,,N/A,2026-06-25 07:39:04.398760,2026-06-25 07:39:04.398760
99,CCFR-S00583,ALL_INC,SALE,2026-02-05,197,3,40,8260.00,8260.00,0.000000,0.00,0.000000,0.00,0.000000,0.00,8260.00,0.00,PRAMOD,False,,,,N/A,2026-06-25 07:39:04.399339,2026-06-25 07:39:04.399339
100,CCFR-S00584,ALL_INC,SALE,2026-02-06,258,2,41,2242.00,2242.00,0.000000,0.00,0.000000,0.00,0.000000,0.00,2242.00,0.00,SHEN,False,,,,N/A,2026-06-25 07:39:04.399942,2026-06-25 07:39:04.399942
101,CCFR-S00585,ALL_INC,SALE,2026-02-06,249,2,41,17405.00,17405.00,0.000000,0.00,0.000000,0.00,0.000000,0.00,17405.00,174050.00,,False,,,,N/A,2026-06-25 07:39:04.400532,2026-06-25 07:39:04.400532
102,CCFR-S00586,ALL_INC,SALE,2026-02-06,246,2,41,24780.00,24780.00,0.000000,0.00,0.000000,0.00,0.000000,0.00,24780.00,0.00,Office,False,,,,N/A,2026-06-25 07:39:04.400887,2026-06-25 07:39:04.400887
103,CCFR-S00587,ALL_INC,SALE,2026-02-06,202,2,41,10266.00,10266.00,0.000000,0.00,0.000000,0.00,0.000000,0.00,10266.00,0.00,POST,False,,,,N/A,2026-06-25 07:39:04.401472,2026-06-25 07:39:04.401472
104,CCFR-S00588,ALL_INC,SALE,2026-02-06,213,5,41,8260.00,8260.00,0.000000,0.00,0.000000,0.00,0.000000,0.00,8260.00,0.00,POST,False,,,,N/A,2026-06-25 07:39:04.402059,2026-06-25 07:39:04.402059
105,CCFR-S00589,ALL_INC,SALE,2026-02-06,198,5,41,8260.00,8260.00,0.000000,0.00,0.000000,0.00,0.000000,0.00,8260.00,0.00,POST,False,,,,N/A,2026-06-25 07:39:04.403101,2026-06-25 07:39:04.403101
108,CCFR-S00592,ALL_INC,SALE,2026-02-06,162,3,41,9681.00,9681.00,0.000000,0.00,0.000000,0.00,0.000000,0.00,9681.00,0.00,PRAMOD,False,,,,N/A,2026-06-25 07:39:04.404503,2026-06-25 07:39:04.404503
109,CCFR-S00593,ALL_INC,SALE,2026-02-06,145,5,41,2183.00,2183.00,0.000000,0.00,0.000000,0.00,0.000000,0.00,2183.00,0.00,JOSHOP,False,,,,N/A,2026-06-25 07:39:04.405105,2026-06-25 07:39:04.405105
110,CCFR-S00594,ALL_INC,SALE,2026-02-06,7,2,41,10030.00,10030.00,0.000000,0.00,0.000000,0.00,0.000000,0.00,10030.00,0.00,SHEN,False,,,,N/A,2026-06-25 07:39:04.405690,2026-06-25 07:39:04.405690
111,CCFR-S00595,ALL_INC,SALE,2026-02-07,62,2,42,1950.00,1950.00,0.000000,0.00,0.000000,0.00,0.000000,0.00,1950.00,0.00,SHEN,False,,,,N/A,2026-06-25 07:39:04.406836,2026-06-25 07:39:04.406836
112,CCFR-S00596,ALL_INC,SALE,2026-02-09,216,2,43,5546.00,5546.00,0.000000,0.00,0.000000,0.00,0.000000,0.00,5546.00,0.00,POST,False,,,,N/A,2026-06-25 07:39:04.407340,2026-06-25 07:39:04.407340
113,CCFR-S00597,ALL_INC,SALE,2026-02-09,154,2,43,25901.00,25901.00,0.000000,0.00,0.000000,0.00,0.000000,0.00,25901.00,0.00,SHEN,False,,,,N/A,2026-06-25 07:39:04.408184,2026-06-25 07:39:04.408184
115,CCFR-S00599,ALL_INC,SALE,2026-02-09,152,2,43,8260.00,8260.00,0.000000,0.00,0.000000,0.00,0.000000,0.00,8260.00,0.00,PRAMOD,False,,,,N/A,2026-06-25 07:39:04.409562,2026-06-25 07:39:04.409562
116,CCFR-S00600,ALL_INC,SALE,2026-02-10,119,2,44,4661.00,4661.00,0.000000,0.00,0.000000,0.00,0.000000,0.00,4661.00,0.00,PRAMOD,False,,,,N/A,2026-06-25 07:39:04.409931,2026-06-25 07:39:04.409931
117,CCFR-S00601,ALL_INC,SALE,2026-02-11,261,2,45,4130.00,4130.00,0.000000,0.00,0.000000,0.00,0.000000,0.00,4130.00,0.00,,False,,,,N/A,2026-06-25 07:39:04.410534,2026-06-25 07:39:04.410534
118,CCFR-S00602,ALL_INC,SALE,2026-02-11,214,2,45,4130.00,4130.00,0.000000,0.00,0.000000,0.00,0.000000,0.00,4130.00,0.00,SHEN,False,,,,N/A,2026-06-25 07:39:04.411126,2026-06-25 07:39:04.411126
119,CCFR-S00603,ALL_INC,SALE,2026-02-11,241,2,45,3186.00,3186.00,0.000000,0.00,0.000000,0.00,0.000000,0.00,3186.00,0.00,PRAMOD,False,,,,N/A,2026-06-25 07:39:04.411712,2026-06-25 07:39:04.411712
120,CCFR-S00604,ALL_INC,SALE,2026-02-11,193,2,45,4366.00,4366.00,0.000000,0.00,0.000000,0.00,0.000000,0.00,4366.00,0.00,PRAMOD,False,,,,N/A,2026-06-25 07:39:04.412303,2026-06-25 07:39:04.412303
121,CCFR-S00605,ALL_INC,SALE,2026-02-11,53,2,45,4543.00,4543.00,0.000000,0.00,0.000000,0.00,0.000000,0.00,4543.00,0.00,Office,False,,,,N/A,2026-06-25 07:39:04.412652,2026-06-25 07:39:04.412652
122,CCFR-S00606,ALL_INC,SALE,2026-02-12,209,3,46,2950.00,2950.00,0.000000,0.00,0.000000,0.00,0.000000,0.00,2950.00,0.00,PRAMOD,False,,,,N/A,2026-06-25 07:39:04.413243,2026-06-25 07:39:04.413243
123,CCFR-S00607,ALL_INC,SALE,2026-02-12,136,2,46,4543.00,4543.00,0.000000,0.00,0.000000,0.00,0.000000,0.00,4543.00,0.00,PRAMOD,False,,,,N/A,2026-06-25 07:39:04.413839,2026-06-25 07:39:04.413839
124,CCFR-S00608,ALL_INC,SALE,2026-02-13,200,1,47,11033.00,11033.00,0.000000,0.00,0.000000,0.00,0.000000,0.00,11033.00,0.00,PRAMOD,False,,,,N/A,2026-06-25 07:39:04.414460,2026-06-25 07:39:04.414460
125,CCFR-S00609,ALL_INC,SALE,2026-02-14,88,1,48,58174.00,58174.00,0.000000,0.00,0.000000,0.00,0.000000,0.00,58174.00,0.00,MR ASANKA,False,,,,N/A,2026-06-25 07:39:04.415057,2026-06-25 07:39:04.415057
126,CCFR-S00610,ALL_INC,SALE,2026-02-16,269,1,49,0.00,0.00,0.000000,0.00,0.000000,0.00,0.000000,0.00,0.00,0.00,Customer item Reject,False,,,,N/A,2026-06-25 07:39:04.415632,2026-06-25 07:39:04.415632
127,CCFR-S00611,ALL_INC,SALE,2026-02-16,153,2,49,3500.00,3500.00,0.000000,0.00,0.000000,0.00,0.000000,0.00,3500.00,0.00,PRAMOD,False,,,,N/A,2026-06-25 07:39:04.415977,2026-06-25 07:39:04.415977
128,CCFR-S00612,ALL_INC,SALE,2026-02-16,116,2,49,6850.00,6850.00,0.000000,0.00,0.000000,0.00,0.000000,0.00,6850.00,0.00,MR ASANKA,False,,,,N/A,2026-06-25 07:39:04.416551,2026-06-25 07:39:04.416551
129,CCFR-S00613,ALL_INC,SALE,2026-02-16,42,5,49,8142.00,8142.00,0.000000,0.00,0.000000,0.00,0.000000,0.00,8142.00,0.00,MR ASANKA,False,,,,N/A,2026-06-25 07:39:04.417140,2026-06-25 07:39:04.417140
130,CCFR-S00614,ALL_INC,SALE,2026-02-18,263,4,50,0.00,0.00,0.000000,0.00,0.000000,0.00,0.000000,0.00,0.00,0.00,Worng Addres  new inv CCFR-S13484,False,,,,N/A,2026-06-25 07:39:04.417717,2026-06-25 07:39:04.417717
131,CCFR-S00615,ALL_INC,SALE,2026-02-18,264,4,50,8260.00,8260.00,0.000000,0.00,0.000000,0.00,0.000000,0.00,8260.00,0.00,077 -4299575,False,,,,N/A,2026-06-25 07:39:04.418066,2026-06-25 07:39:04.418066
132,CCFR-S00616,ALL_INC,SALE,2026-02-18,122,4,50,2625972.00,2625972.00,0.000000,0.00,0.000000,0.00,0.000000,0.00,2625972.00,0.00,SHEN,False,,,,N/A,2026-06-25 07:39:04.418653,2026-06-25 07:39:04.418653
135,CCFR-S00619,ALL_INC,SALE,2026-02-19,131,1,51,4130.00,4130.00,0.000000,0.00,0.000000,0.00,0.000000,0.00,4130.00,0.00,PRAMOD,False,,,,N/A,2026-06-25 07:39:04.420398,2026-06-25 07:39:04.420398
136,CCFR-S00620,ALL_INC,SALE,2026-02-19,42,1,51,1593.00,1593.00,0.000000,0.00,0.000000,0.00,0.000000,0.00,1593.00,0.00,HASITHA,False,,,,N/A,2026-06-25 07:39:04.420976,2026-06-25 07:39:04.420976
137,CCFR-S00621,ALL_INC,SALE,2026-02-19,33,1,51,17700.00,17700.00,0.000000,0.00,0.000000,0.00,0.000000,0.00,17700.00,0.00,DIPOSITE,False,,,,N/A,2026-06-25 07:39:04.421539,2026-06-25 07:39:04.421539
139,CCFR-S00623,ALL_INC,SALE,2026-02-20,171,2,52,24780.00,24780.00,0.000000,0.00,0.000000,0.00,0.000000,0.00,24780.00,0.00,Office,False,,,,N/A,2026-06-25 07:39:04.422969,2026-06-25 07:39:04.422969
140,CCFR-S00624,ALL_INC,SALE,2026-02-20,155,2,52,10502.00,10502.00,0.000000,0.00,0.000000,0.00,0.000000,0.00,10502.00,0.00,PRAMOD,False,,,,N/A,2026-06-25 07:39:04.423876,2026-06-25 07:39:04.423876
141,CCFR-S00625,ALL_INC,SALE,2026-02-20,136,2,52,5015.00,5015.00,0.000000,0.00,0.000000,0.00,0.000000,0.00,5015.00,0.00,PRAMOD,False,,,,N/A,2026-06-25 07:39:04.424660,2026-06-25 07:39:04.424660
142,CCFR-S00626,ALL_INC,SALE,2026-02-20,124,2,52,8260.00,8260.00,0.000000,0.00,0.000000,0.00,0.000000,0.00,8260.00,0.00,PRAMOD,False,,,,N/A,2026-06-25 07:39:04.425315,2026-06-25 07:39:04.425315
143,CCFR-S00627,ALL_INC,SALE,2026-02-20,41,2,52,5412.00,5412.00,0.000000,0.00,0.000000,0.00,0.000000,0.00,5412.00,0.00,PRAMOD,False,,,,N/A,2026-06-25 07:39:04.425917,2026-06-25 07:39:04.425917
144,CCFR-S00628,ALL_INC,SALE,2026-02-20,25,2,52,14750.00,14750.00,0.000000,0.00,0.000000,0.00,0.000000,0.00,14750.00,0.00,HASITHA,False,,,,N/A,2026-06-25 07:39:04.426274,2026-06-25 07:39:04.426274
145,CCFR-S00629,ALL_INC,SALE,2026-02-21,222,2,53,8260.00,8260.00,0.000000,0.00,0.000000,0.00,0.000000,0.00,8260.00,0.00,POST,False,,,,N/A,2026-06-25 07:39:04.426874,2026-06-25 07:39:04.426874
148,CCFR-S00632,ALL_INC,SALE,2026-02-23,188,3,54,13434.00,13434.00,0.000000,0.00,0.000000,0.00,0.000000,0.00,13434.00,0.00,PRAMOD,False,,,,N/A,2026-06-25 07:39:04.428685,2026-06-25 07:39:04.428685
150,CCFR-S00634,ALL_INC,SALE,2026-02-23,127,3,54,5546.00,5546.00,0.000000,0.00,0.000000,0.00,0.000000,0.00,5546.00,0.00,POST,False,,,,N/A,2026-06-25 07:39:04.429854,2026-06-25 07:39:04.429854
151,CCFR-S00635,ALL_INC,SALE,2026-02-23,74,3,54,3550.00,3550.00,0.000000,0.00,0.000000,0.00,0.000000,0.00,3550.00,0.00,PRAMOD,False,,,,N/A,2026-06-25 07:39:04.430568,2026-06-25 07:39:04.430568
152,CCFR-S00636,ALL_INC,SALE,2026-02-24,274,2,55,3363.00,3363.00,0.000000,0.00,0.000000,0.00,0.000000,0.00,3363.00,0.00,MR ASANKA,False,,,,N/A,2026-06-25 07:39:04.431157,2026-06-25 07:39:04.431157
155,CCFR-S00639,ALL_INC,SALE,2026-02-25,293,2,56,6902.00,6902.00,0.000000,0.00,0.000000,0.00,0.000000,0.00,6902.00,0.00,PRAMOD,False,,,,N/A,2026-06-25 07:39:04.433033,2026-06-25 07:39:04.433033
156,CCFR-S00640,ALL_INC,SALE,2026-02-25,293,2,56,12980.00,12980.00,0.000000,0.00,0.000000,0.00,0.000000,0.00,12980.00,0.00,PRAMOD,False,,,,N/A,2026-06-25 07:39:04.433610,2026-06-25 07:39:04.433610
157,CCFR-S00641,ALL_INC,SALE,2026-02-25,178,2,56,7670.00,7670.00,0.000000,0.00,0.000000,0.00,0.000000,0.00,7670.00,0.00,MR ASANKA,False,,,,N/A,2026-06-25 07:39:04.434202,2026-06-25 07:39:04.434202
158,CCFR-S00642,ALL_INC,SALE,2026-02-26,244,2,57,2773.00,2773.00,0.000000,0.00,0.000000,0.00,0.000000,0.00,2773.00,0.00,PRAMOD,False,,,,N/A,2026-06-25 07:39:04.434778,2026-06-25 07:39:04.434778
161,CCFR-S00645,ALL_INC,SALE,2026-02-26,161,3,57,8260.00,8260.00,0.000000,0.00,0.000000,0.00,0.000000,0.00,8260.00,0.00,PRAMOD,False,,,,N/A,2026-06-25 07:39:04.436534,2026-06-25 07:39:04.436534
162,CCFR-S00646,ALL_INC,SALE,2026-02-26,152,2,57,116820.00,116820.00,0.000000,0.00,0.000000,0.00,0.000000,0.00,116820.00,0.00,SHEN,False,,,,N/A,2026-06-25 07:39:04.437106,2026-06-25 07:39:04.437106
163,CCFR-S00647,ALL_INC,SALE,2026-02-27,248,4,58,8850.00,8850.00,0.000000,0.00,0.000000,0.00,0.000000,0.00,8850.00,0.00,SHEN,False,,,,N/A,2026-06-25 07:39:04.437684,2026-06-25 07:39:04.437684
165,CCFR-S00649,ALL_INC,SALE,2026-02-27,211,4,58,4543.00,4543.00,0.000000,0.00,0.000000,0.00,0.000000,0.00,4543.00,0.00,PRAMOD,False,,,,N/A,2026-06-25 07:39:04.438806,2026-06-25 07:39:04.438806
166,CCFR-S00650,ALL_INC,SALE,2026-02-27,108,4,58,3658.00,3658.00,0.000000,0.00,0.000000,0.00,0.000000,0.00,3658.00,0.00,MR ASANKA,False,,,,N/A,2026-06-25 07:39:04.439647,2026-06-25 07:39:04.439647
167,CCFR-S00651,ALL_INC,SALE,2026-02-27,38,3,58,1770.00,1770.00,0.000000,0.00,0.000000,0.00,0.000000,0.00,1770.00,0.00,JOSHOP,False,,,,N/A,2026-06-25 07:39:04.440817,2026-06-25 07:39:04.440817
168,CCFR-S00652,ALL_INC,SALE,2026-03-03,279,3,69,4130.00,4130.00,0.000000,0.00,0.000000,0.00,0.000000,0.00,4130.00,0.00,PRAMOD,False,,,,N/A,2026-06-25 07:39:04.441560,2026-06-25 07:39:04.441560
169,CCFR-S00653,ALL_INC,SALE,2026-03-03,186,3,69,4130.00,4130.00,0.000000,0.00,0.000000,0.00,0.000000,0.00,4130.00,0.00,PRAMOD,False,,,,N/A,2026-06-25 07:39:04.442192,2026-06-25 07:39:04.442192
170,CCFR-S00654,ALL_INC,SALE,2026-03-03,175,3,69,5546.00,5546.00,0.000000,0.00,0.000000,0.00,0.000000,0.00,5546.00,0.00,SHEN,False,,,,N/A,2026-06-25 07:39:04.442829,2026-06-25 07:39:04.442829
173,CCFR-S00657,ALL_INC,SALE,2026-03-03,290,2,69,2950.00,2950.00,0.000000,0.00,0.000000,0.00,0.000000,0.00,2950.00,0.00,PRAMOD,False,,,,N/A,2026-06-25 07:39:04.444629,2026-06-25 07:39:04.444629
174,CCFR-S00658,ALL_INC,SALE,2026-03-04,242,3,70,19470.00,19470.00,0.000000,0.00,0.000000,0.00,0.000000,0.00,19470.00,0.00,PRAMOD,False,,,,N/A,2026-06-25 07:39:04.445211,2026-06-25 07:39:04.445211
176,CCFR-S00660,ALL_INC,SALE,2026-03-04,178,2,70,232460.00,232460.00,0.000000,0.00,0.000000,0.00,0.000000,0.00,232460.00,0.00,,False,,,,N/A,2026-06-25 07:39:04.446386,2026-06-25 07:39:04.446386
178,CCFR-S00662,ALL_INC,SALE,2026-03-04,166,1,70,3363.00,3363.00,0.000000,0.00,0.000000,0.00,0.000000,0.00,3363.00,0.00,PRAMOD,False,,,,N/A,2026-06-25 07:39:04.447555,2026-06-25 07:39:04.447555
180,CCFR-S00664,ALL_INC,SALE,2026-03-04,143,2,70,232460.00,232460.00,0.000000,0.00,0.000000,0.00,0.000000,0.00,232460.00,0.00,PRAMOD,False,,,,N/A,2026-06-25 07:39:04.448722,2026-06-25 07:39:04.448722
183,CCFR-S00667,ALL_INC,SALE,2026-03-06,174,2,71,47200.00,47200.00,0.000000,0.00,0.000000,0.00,0.000000,0.00,47200.00,0.00,SHEN,False,,,,N/A,2026-06-25 07:39:04.450478,2026-06-25 07:39:04.450478
184,CCFR-S00668,ALL_INC,SALE,2026-03-06,150,2,71,8260.00,8260.00,0.000000,0.00,0.000000,0.00,0.000000,0.00,8260.00,0.00,SHEN,False,,,,N/A,2026-06-25 07:39:04.451062,2026-06-25 07:39:04.451062
185,CCFR-S00669,ALL_INC,SALE,2026-03-06,64,2,71,2300.00,2300.00,0.000000,0.00,0.000000,0.00,0.000000,0.00,2300.00,0.00,SHEN,False,,,,N/A,2026-06-25 07:39:04.451633,2026-06-25 07:39:04.451633
186,CCFR-S00670,ALL_INC,SALE,2026-03-07,140,3,72,8005.00,8005.00,0.000000,0.00,0.000000,0.00,0.000000,0.00,8005.00,0.00,PRAMOD,False,,,,N/A,2026-06-25 07:39:04.452209,2026-06-25 07:39:04.452209
187,CCFR-S00671,ALL_INC,SALE,2026-03-07,237,2,72,0.00,0.00,0.000000,0.00,0.000000,0.00,0.000000,0.00,0.00,0.00,CANCELED RETURN  ITEM,False,,,,N/A,2026-06-25 07:39:04.452784,2026-06-25 07:39:04.452784
189,CCFR-S00673,ALL_INC,SALE,2026-03-07,219,2,72,8260.00,8260.00,0.000000,0.00,0.000000,0.00,0.000000,0.00,8260.00,0.00,SHEN,False,,,,N/A,2026-06-25 07:39:04.453725,2026-06-25 07:39:04.453725
190,CCFR-S00674,ALL_INC,SALE,2026-03-07,154,2,72,0.00,0.00,0.000000,0.00,0.000000,0.00,0.000000,0.00,0.00,0.00,Worng inv amount CCFR-S19488,False,,,,N/A,2026-06-25 07:39:04.454317,2026-06-25 07:39:04.454317
191,CCFR-S00675,ALL_INC,SALE,2026-03-07,140,2,72,1406255.00,1406255.00,0.000000,0.00,0.000000,0.00,0.000000,0.00,1406255.00,0.00,PRAMOD,False,,,,N/A,2026-06-25 07:39:04.454662,2026-06-25 07:39:04.454662
192,CCFR-S00676,ALL_INC,SALE,2026-03-07,140,2,72,2655.00,2655.00,0.000000,0.00,0.000000,0.00,0.000000,0.00,2655.00,0.00,PRAMOD,False,,,,N/A,2026-06-25 07:39:04.455232,2026-06-25 07:39:04.455232
193,CCFR-S00677,ALL_INC,SALE,2026-03-07,90,2,72,47000.00,47000.00,0.000000,0.00,0.000000,0.00,0.000000,0.00,47000.00,0.00,MR ASANKA,False,,,,N/A,2026-06-25 07:39:04.455976,2026-06-25 07:39:04.455976
195,CCFR-S00679,ALL_INC,SALE,2026-03-09,219,2,73,6900.00,6900.00,0.000000,0.00,0.000000,0.00,0.000000,0.00,6900.00,0.00,SHEN,False,,,,N/A,2026-06-25 07:39:04.457928,2026-06-25 07:39:04.457928
197,CCFR-S00681,ALL_INC,SALE,2026-03-09,219,2,73,16630.00,16630.00,0.000000,0.00,0.000000,0.00,0.000000,0.00,16630.00,0.00,SHEN,False,,,,N/A,2026-06-25 07:39:04.459349,2026-06-25 07:39:04.459349
198,CCFR-S00682,ALL_INC,SALE,2026-03-09,154,2,73,1406255.00,1406255.00,0.000000,0.00,0.000000,0.00,0.000000,0.00,1406255.00,0.00,PRAMOD,False,,,,N/A,2026-06-25 07:39:04.459984,2026-06-25 07:39:04.459984
199,CCFR-S00683,ALL_INC,SALE,2026-03-10,265,2,74,6549.00,6549.00,0.000000,0.00,0.000000,0.00,0.000000,0.00,6549.00,0.00,POST,False,,,,N/A,2026-06-25 07:39:04.460611,2026-06-25 07:39:04.460611
200,CCFR-S00684,ALL_INC,SALE,2026-03-10,202,2,74,10266.00,10266.00,0.000000,0.00,0.000000,0.00,0.000000,0.00,10266.00,0.00,POST,False,,,,N/A,2026-06-25 07:39:04.461208,2026-06-25 07:39:04.461208
202,CCFR-S00686,ALL_INC,SALE,2026-03-11,242,2,75,8791.00,8791.00,0.000000,0.00,0.000000,0.00,0.000000,0.00,8791.00,0.00,PRAMOD,False,,,,N/A,2026-06-25 07:39:04.462379,2026-06-25 07:39:04.462379
203,CCFR-S00687,ALL_INC,SALE,2026-03-11,214,2,75,4130.00,4130.00,0.000000,0.00,0.000000,0.00,0.000000,0.00,4130.00,0.00,JOSHOP,False,,,,N/A,2026-06-25 07:39:04.462963,2026-06-25 07:39:04.462963
208,CCFR-S00692,ALL_INC,SALE,2026-03-11,149,2,75,2300.00,2300.00,0.000000,0.00,0.000000,0.00,0.000000,0.00,2300.00,0.00,PRAMOD,False,,,,N/A,2026-06-25 07:39:04.465992,2026-06-25 07:39:04.465992
209,CCFR-S00693,ALL_INC,SALE,2026-03-11,136,2,75,4661.00,4661.00,0.000000,0.00,0.000000,0.00,0.000000,0.00,4661.00,0.00,PRAMOD,False,,,,N/A,2026-06-25 07:39:04.466583,2026-06-25 07:39:04.466583
210,CCFR-S00694,ALL_INC,SALE,2026-03-11,108,2,75,9086.00,9086.00,0.000000,0.00,0.000000,0.00,0.000000,0.00,9086.00,0.00,MR ASANKA,False,,,,N/A,2026-06-25 07:39:04.467172,2026-06-25 07:39:04.467172
211,CCFR-S00695,ALL_INC,SALE,2026-03-12,210,3,76,5546.00,5546.00,0.000000,0.00,0.000000,0.00,0.000000,0.00,5546.00,0.00,PRAMOD,False,,,,N/A,2026-06-25 07:39:04.467752,2026-06-25 07:39:04.467752
212,CCFR-S00696,ALL_INC,SALE,2026-03-12,202,2,76,8260.00,8260.00,0.000000,0.00,0.000000,0.00,0.000000,0.00,8260.00,0.00,POST,False,,,,N/A,2026-06-25 07:39:04.468336,2026-06-25 07:39:04.468336
213,CCFR-S00697,ALL_INC,SALE,2026-03-12,168,3,76,4501.00,4501.00,0.000000,0.00,0.000000,0.00,0.000000,0.00,4501.00,0.00,,False,,,,N/A,2026-06-25 07:39:04.468908,2026-06-25 07:39:04.468908
214,CCFR-S00698,ALL_INC,SALE,2026-03-12,158,3,76,12980.00,12980.00,0.000000,0.00,0.000000,0.00,0.000000,0.00,12980.00,0.00,PRAMOD,False,,,,N/A,2026-06-25 07:39:04.469526,2026-06-25 07:39:04.469526
215,CCFR-S00699,ALL_INC,SALE,2026-03-12,158,3,76,2200.00,2200.00,0.000000,0.00,0.000000,0.00,0.000000,0.00,2200.00,0.00,PRAMOD,False,,,,N/A,2026-06-25 07:39:04.470104,2026-06-25 07:39:04.470104
217,CCFR-S00701,ALL_INC,SALE,2026-03-13,48,1,77,17228.00,17228.00,0.000000,0.00,0.000000,0.00,0.000000,0.00,17228.00,0.00,JOSHOP,False,,,,N/A,2026-06-25 07:39:04.471261,2026-06-25 07:39:04.471261
218,CCFR-S00702,ALL_INC,SALE,2026-03-14,87,1,78,1770.00,1770.00,0.000000,0.00,0.000000,0.00,0.000000,0.00,1770.00,0.00,MR ASANKA,False,,,,N/A,2026-06-25 07:39:04.471823,2026-06-25 07:39:04.471823
219,CCFR-S00703,ALL_INC,SALE,2026-03-14,58,1,78,0.00,0.00,0.000000,0.00,0.000000,0.00,0.000000,0.00,0.00,0.00,CANCELD WORNG INV,False,,,,N/A,2026-06-25 07:39:04.472519,2026-06-25 07:39:04.472519
220,CCFR-S00704,ALL_INC,SALE,2026-03-16,292,1,79,2183.00,2183.00,0.000000,0.00,0.000000,0.00,0.000000,0.00,2183.00,0.00,,False,,,,N/A,2026-06-25 07:39:04.472983,2026-06-25 07:39:04.472983
223,CCFR-S00707,ALL_INC,SALE,2026-03-16,187,3,79,25370.00,25370.00,0.000000,0.00,0.000000,0.00,0.000000,0.00,25370.00,0.00,PRAMOD,False,,,,N/A,2026-06-25 07:39:04.475788,2026-06-25 07:39:04.475788
224,CCFR-S00708,ALL_INC,SALE,2026-03-16,86,3,79,1770.00,1770.00,0.000000,0.00,0.000000,0.00,0.000000,0.00,1770.00,0.00,SHEN,False,,,,N/A,2026-06-25 07:39:04.476430,2026-06-25 07:39:04.476430
225,CCFR-S00709,ALL_INC,SALE,2026-03-16,1,3,79,1000.00,1000.00,0.000000,0.00,0.000000,0.00,0.000000,0.00,1000.00,0.00,MR ASANKA,False,,,,N/A,2026-06-25 07:39:04.477043,2026-06-25 07:39:04.477043
226,CCFR-S00710,ALL_INC,SALE,2026-03-17,24,1,80,80122.00,80122.00,0.000000,0.00,0.000000,0.00,0.000000,0.00,80122.00,0.00,SHEN,False,,,,N/A,2026-06-25 07:39:04.477676,2026-06-25 07:39:04.477676
227,CCFR-S00711,ALL_INC,SALE,2026-03-18,144,1,81,8260.00,8260.00,0.000000,0.00,0.000000,0.00,0.000000,0.00,8260.00,0.00,HASITHA,False,,,,N/A,2026-06-25 07:39:04.478276,2026-06-25 07:39:04.478276
228,CCFR-S00712,ALL_INC,SALE,2026-03-19,187,3,82,767.00,767.00,0.000000,0.00,0.000000,0.00,0.000000,0.00,767.00,0.00,pramod,False,,,,N/A,2026-06-25 07:39:04.478857,2026-06-25 07:39:04.478857
229,CCFR-S00713,ALL_INC,SALE,2026-03-19,112,1,82,6500.00,6500.00,0.000000,0.00,0.000000,0.00,0.000000,0.00,6500.00,0.00,,False,,,,N/A,2026-06-25 07:39:04.479436,2026-06-25 07:39:04.479436
230,CCFR-S00714,ALL_INC,SALE,2026-03-19,291,1,82,174500.00,174500.00,0.000000,0.00,0.000000,0.00,0.000000,0.00,174500.00,0.00,,False,,,,N/A,2026-06-25 07:39:04.480017,2026-06-25 07:39:04.480017
231,CCFR-S00715,ALL_INC,SALE,2026-03-23,201,3,83,8260.00,8260.00,0.000000,0.00,0.000000,0.00,0.000000,0.00,8260.00,0.00,MR ASANKA,False,,,,N/A,2026-06-25 07:39:04.480615,2026-06-25 07:39:04.480615
232,CCFR-S00716,ALL_INC,SALE,2026-03-23,127,3,83,8260.00,8260.00,0.000000,0.00,0.000000,0.00,0.000000,0.00,8260.00,0.00,POST,False,,,,N/A,2026-06-25 07:39:04.481202,2026-06-25 07:39:04.481202
233,CCFR-S00717,ALL_INC,SALE,2026-03-23,80,2,83,28000.00,28000.00,0.000000,0.00,0.000000,0.00,0.000000,0.00,28000.00,0.00,SHEN,False,,,,N/A,2026-06-25 07:39:04.481795,2026-06-25 07:39:04.481795
234,CCFR-S00718,ALL_INC,SALE,2026-03-24,107,2,84,10950.00,10950.00,0.000000,0.00,0.000000,0.00,0.000000,0.00,10950.00,0.00,SHEN,False,,,,N/A,2026-06-25 07:39:04.482135,2026-06-25 07:39:04.482135
236,CCFR-S00720,ALL_INC,SALE,2026-03-25,73,1,85,175499.00,175499.00,0.000000,0.00,0.000000,0.00,0.000000,0.00,175499.00,24990.00,JOSHOP,False,,,,N/A,2026-06-25 07:39:04.483432,2026-06-25 07:39:04.483432
237,CCFR-S00721,ALL_INC,SALE,2026-03-30,232,2,86,12862.00,12862.00,0.000000,0.00,0.000000,0.00,0.000000,0.00,12862.00,0.00,PRAMOD,False,,,,N/A,2026-06-25 07:39:04.484410,2026-06-25 07:39:04.484410
238,CCFR-S00722,ALL_INC,SALE,2026-03-30,231,1,86,12862.00,12862.00,0.000000,0.00,0.000000,0.00,0.000000,0.00,12862.00,0.00,CANCELD WORNG INV,False,,,,N/A,2026-06-25 07:39:04.485261,2026-06-25 07:39:04.485261
239,CCFR-S00723,ALL_INC,SALE,2026-03-30,211,2,86,15160.00,15160.00,0.000000,0.00,0.000000,0.00,0.000000,0.00,15160.00,0.00,PRAMOD,False,,,,N/A,2026-06-25 07:39:04.485696,2026-06-25 07:39:04.485696
240,CCFR-S00724,ALL_INC,SALE,2026-03-30,191,2,86,4600.00,4600.00,0.000000,0.00,0.000000,0.00,0.000000,0.00,4600.00,0.00,SHEN,False,,,,N/A,2026-06-25 07:39:04.486556,2026-06-25 07:39:04.486556
241,CCFR-S00725,ALL_INC,SALE,2026-03-30,142,2,86,8260.00,8260.00,0.000000,0.00,0.000000,0.00,0.000000,0.00,8260.00,0.00,,False,,,,N/A,2026-06-25 07:39:04.487357,2026-06-25 07:39:04.487357
242,CCFR-S00726,ALL_INC,SALE,2026-03-30,89,2,86,0.00,0.00,0.000000,0.00,0.000000,0.00,0.000000,0.00,0.00,0.00,CANCELED WORNG AMOUNT CCFR - R24487,False,,,,N/A,2026-06-25 07:39:04.488173,2026-06-25 07:39:04.488173
243,CCFR-S00727,ALL_INC,SALE,2026-03-31,281,2,87,9381.00,9381.00,0.000000,0.00,0.000000,0.00,0.000000,0.00,9381.00,0.00,PRAMOD,False,,,,N/A,2026-06-25 07:39:04.488629,2026-06-25 07:39:04.488629
244,CCFR-S00728,ALL_INC,SALE,2026-03-31,170,2,87,4661.00,4661.00,0.000000,0.00,0.000000,0.00,0.000000,0.00,4661.00,0.00,HASITHA,False,,,,N/A,2026-06-25 07:39:04.489573,2026-06-25 07:39:04.489573
246,CCFR-S00730,ALL_INC,SALE,2026-04-02,154,1,98,21240.00,21240.00,0.000000,0.00,0.000000,0.00,0.000000,0.00,21240.00,0.00,PRAMOD,False,,,,N/A,2026-06-25 07:39:04.491449,2026-06-25 07:39:04.491449
254,CCFR-S00738,ALL_INC,SALE,2026-04-04,126,2,99,393471.00,393471.00,0.000000,0.00,0.000000,0.00,0.000000,0.00,393471.00,0.00,PRAMOD,False,,,,N/A,2026-06-25 07:39:04.496163,2026-06-25 07:39:04.496163
255,CCFR-S00739,ALL_INC,SALE,2026-04-04,69,1,99,59000.00,59000.00,0.000000,0.00,0.000000,0.00,0.000000,0.00,59000.00,0.00,MR JOSH,False,,,,N/A,2026-06-25 07:39:04.496752,2026-06-25 07:39:04.496752
256,CCFR-S00740,ALL_INC,SALE,2026-04-04,67,3,99,9440.00,9440.00,0.000000,0.00,0.000000,0.00,0.000000,0.00,9440.00,0.00,SHEN,False,,,,N/A,2026-06-25 07:39:04.497351,2026-06-25 07:39:04.497351
259,CCFR-S00743,ALL_INC,SALE,2026-04-06,170,2,100,2242.00,2242.00,0.000000,0.00,0.000000,0.00,0.000000,0.00,2242.00,0.00,PRAMOD,False,,,,N/A,2026-06-25 07:39:04.498867,2026-06-25 07:39:04.498867
260,CCFR-S00744,ALL_INC,SALE,2026-04-06,79,2,100,56800.00,56800.00,0.000000,0.00,0.000000,0.00,0.000000,0.00,56800.00,0.00,,False,,,,N/A,2026-06-25 07:39:04.499459,2026-06-25 07:39:04.499459
262,CCFR-S00746,ALL_INC,SALE,2026-04-07,60,2,101,5900.00,5900.00,0.000000,0.00,0.000000,0.00,0.000000,0.00,5900.00,0.00,PRAMOD,False,,,,N/A,2026-06-25 07:39:04.500629,2026-06-25 07:39:04.500629
263,CCFR-S00747,ALL_INC,SALE,2026-04-08,234,2,102,9850.00,9850.00,0.000000,0.00,0.000000,0.00,0.000000,0.00,9850.00,0.00,SHEN,False,,,,N/A,2026-06-25 07:39:04.501201,2026-06-25 07:39:04.501201
264,CCFR-S00748,ALL_INC,SALE,2026-04-08,234,2,102,8260.00,8260.00,0.000000,0.00,0.000000,0.00,0.000000,0.00,8260.00,0.00,POST,False,,,,N/A,2026-06-25 07:39:04.501802,2026-06-25 07:39:04.501802
265,CCFR-S00749,ALL_INC,SALE,2026-04-08,214,1,102,8260.00,8260.00,0.000000,0.00,0.000000,0.00,0.000000,0.00,8260.00,0.00,PRAMOD,False,,,,N/A,2026-06-25 07:39:04.502385,2026-06-25 07:39:04.502385
266,CCFR-S00750,ALL_INC,SALE,2026-04-08,106,3,102,1543.00,1543.00,0.000000,0.00,0.000000,0.00,0.000000,0.00,1543.00,0.00,PRAMOD,False,,,,N/A,2026-06-25 07:39:04.502970,2026-06-25 07:39:04.502970
267,CCFR-S00751,ALL_INC,SALE,2026-04-09,231,2,103,15340.00,15340.00,0.000000,0.00,0.000000,0.00,0.000000,0.00,15340.00,0.00,SHEN,False,,,,N/A,2026-06-25 07:39:04.503538,2026-06-25 07:39:04.503538
268,CCFR-S00752,ALL_INC,SALE,2026-04-09,231,2,103,1770.00,1770.00,0.000000,0.00,0.000000,0.00,0.000000,0.00,1770.00,0.00,SHEN,False,,,,N/A,2026-06-25 07:39:04.504110,2026-06-25 07:39:04.504110
269,CCFR-S00753,ALL_INC,SALE,2026-04-09,220,2,103,8260.00,8260.00,0.000000,0.00,0.000000,0.00,0.000000,0.00,8260.00,0.00,POST,False,,,,N/A,2026-06-25 07:39:04.504678,2026-06-25 07:39:04.504678
270,CCFR-S00754,ALL_INC,SALE,2026-04-09,212,2,103,3186.00,3186.00,0.000000,0.00,0.000000,0.00,0.000000,0.00,3186.00,0.00,ONLINE TRAN MR ASANKA,False,,,,N/A,2026-06-25 07:39:04.505248,2026-06-25 07:39:04.505248
271,CCFR-S00755,ALL_INC,SALE,2026-04-09,186,2,103,6843.00,6843.00,0.000000,0.00,0.000000,0.00,0.000000,0.00,6843.00,0.00,MR ASANKA,False,,,,N/A,2026-06-25 07:39:04.505899,2026-06-25 07:39:04.505899
272,CCFR-S00756,ALL_INC,SALE,2026-04-09,158,2,103,2300.00,2300.00,0.000000,0.00,0.000000,0.00,0.000000,0.00,2300.00,0.00,PRAMOD,False,,,,N/A,2026-06-25 07:39:04.506857,2026-06-25 07:39:04.506857
273,CCFR-S00757,ALL_INC,SALE,2026-04-09,137,2,103,13275.00,13275.00,0.000000,0.00,0.000000,0.00,0.000000,0.00,13275.00,0.00,PRAMOD,False,,,,N/A,2026-06-25 07:39:04.507790,2026-06-25 07:39:04.507790
274,CCFR-S00758,ALL_INC,SALE,2026-04-10,280,2,104,2950.00,2950.00,0.000000,0.00,0.000000,0.00,0.000000,0.00,2950.00,0.00,PRAMOD,False,,,,N/A,2026-06-25 07:39:04.508504,2026-06-25 07:39:04.508504
276,CCFR-S00760,ALL_INC,SALE,2026-04-10,215,2,104,0.00,0.00,0.000000,0.00,0.000000,0.00,0.000000,0.00,0.00,0.00,,False,,,,N/A,2026-06-25 07:39:04.509728,2026-06-25 07:39:04.509728
277,CCFR-S00761,ALL_INC,SALE,2026-04-10,215,2,104,10700.00,10700.00,0.000000,0.00,0.000000,0.00,0.000000,0.00,10700.00,0.00,,False,,,,N/A,2026-06-25 07:39:04.510085,2026-06-25 07:39:04.510085
278,CCFR-S00762,ALL_INC,SALE,2026-04-10,212,2,104,4661.00,4661.00,0.000000,0.00,0.000000,0.00,0.000000,0.00,4661.00,0.00,ONLINE TRAN MR ASANKA,False,,,,N/A,2026-06-25 07:39:04.510704,2026-06-25 07:39:04.510704
279,CCFR-S00763,ALL_INC,SALE,2026-04-10,177,2,104,4130.00,4130.00,0.000000,0.00,0.000000,0.00,0.000000,0.00,4130.00,0.00,PRAMOD,False,,,,N/A,2026-06-25 07:39:04.511293,2026-06-25 07:39:04.511293
280,CCFR-S00764,ALL_INC,SALE,2026-04-10,175,2,104,6040.00,6040.00,0.000000,0.00,0.000000,0.00,0.000000,0.00,6040.00,0.00,PRAMOD,False,,,,N/A,2026-06-25 07:39:04.511880,2026-06-25 07:39:04.511880
281,CCFR-S00765,ALL_INC,SALE,2026-04-10,15,2,104,173000.00,173000.00,0.000000,0.00,0.000000,0.00,0.000000,0.00,173000.00,0.00,MR ASANKA,False,,,,N/A,2026-06-25 07:39:04.512465,2026-06-25 07:39:04.512465
282,CCFR-S00766,ALL_INC,SALE,2026-04-17,195,2,105,252402.00,252402.00,0.000000,0.00,0.000000,0.00,0.000000,0.00,252402.00,0.00,pramod,False,,,,N/A,2026-06-25 07:39:04.513046,2026-06-25 07:39:04.513046
283,CCFR-S00767,ALL_INC,SALE,2026-04-17,195,2,105,0.00,0.00,0.000000,0.00,0.000000,0.00,0.000000,0.00,0.00,0.00,INVOICE DATE CHANGE,False,,,,N/A,2026-06-25 07:39:04.513643,2026-06-25 07:39:04.513643
284,CCFR-S00768,ALL_INC,SALE,2026-04-17,182,2,105,2300.00,2300.00,0.000000,0.00,0.000000,0.00,0.000000,0.00,2300.00,0.00,JOSHOP,False,,,,N/A,2026-06-25 07:39:04.513983,2026-06-25 07:39:04.513983
287,CCFR-S00771,ALL_INC,SALE,2026-04-20,224,1,106,24780.00,24780.00,0.000000,0.00,0.000000,0.00,0.000000,0.00,24780.00,0.00,PRAMOD,False,,,,N/A,2026-06-25 07:39:04.515772,2026-06-25 07:39:04.515772
288,CCFR-S00772,ALL_INC,SALE,2026-04-20,126,1,106,0.00,0.00,0.000000,0.00,0.000000,0.00,0.000000,0.00,0.00,0.00,CANCELED ITEM RETURN,False,,,,N/A,2026-06-25 07:39:04.516364,2026-06-25 07:39:04.516364
289,CCFR-S00773,ALL_INC,SALE,2026-04-21,247,1,107,4130.00,4130.00,0.000000,0.00,0.000000,0.00,0.000000,0.00,4130.00,0.00,PRAMOD,False,,,,N/A,2026-06-25 07:39:04.516710,2026-06-25 07:39:04.516710
290,CCFR-S00774,ALL_INC,SALE,2026-04-21,207,3,107,4400.00,4400.00,0.000000,0.00,0.000000,0.00,0.000000,0.00,4400.00,0.00,PRAMOD,False,,,,N/A,2026-06-25 07:39:04.517290,2026-06-25 07:39:04.517290
291,CCFR-S00775,ALL_INC,SALE,2026-04-21,195,1,107,81361.00,81361.00,0.000000,0.00,0.000000,0.00,0.000000,0.00,81361.00,0.00,pramod,False,,,,N/A,2026-06-25 07:39:04.517868,2026-06-25 07:39:04.517868
292,CCFR-S00776,ALL_INC,SALE,2026-04-21,167,1,107,18383.00,18383.00,0.000000,0.00,0.000000,0.00,0.000000,0.00,18383.00,0.00,SHEN,False,,,,N/A,2026-06-25 07:39:04.518449,2026-06-25 07:39:04.518449
293,CCFR-S00777,ALL_INC,SALE,2026-04-21,70,1,107,1250.00,1250.00,0.000000,0.00,0.000000,0.00,0.000000,0.00,1250.00,12500.00,,False,,,,N/A,2026-06-25 07:39:04.519266,2026-06-25 07:39:04.519266
295,CCFR-S00779,ALL_INC,SALE,2026-04-22,209,1,108,3363.00,3363.00,0.000000,0.00,0.000000,0.00,0.000000,0.00,3363.00,0.00,SHEN,False,,,,N/A,2026-06-25 07:39:04.520204,2026-06-25 07:39:04.520204
296,CCFR-S00780,ALL_INC,SALE,2026-04-23,168,,,8260.00,8260.00,0.000000,0.00,0.000000,0.00,0.000000,0.00,8260.00,0.00,MR ASANKA,False,,,,N/A,2026-06-25 07:39:04.520774,2026-06-25 07:39:04.520774
297,CCFR-S00781,ALL_INC,SALE,2026-04-23,195,,,1917500.00,1917500.00,0.000000,0.00,0.000000,0.00,0.000000,0.00,1917500.00,0.00,pramod,False,,,,N/A,2026-06-25 07:39:04.521322,2026-06-25 07:39:04.521322
300,CCFR-S00784,ALL_INC,SALE,2026-04-24,240,,,4130.00,4130.00,0.000000,0.00,0.000000,0.00,0.000000,0.00,4130.00,0.00,,False,,,,N/A,2026-06-25 07:39:04.523709,2026-06-25 07:39:04.523709
301,CCFR-S00785,ALL_INC,SALE,2026-04-24,184,,,8260.00,8260.00,0.000000,0.00,0.000000,0.00,0.000000,0.00,8260.00,0.00,,False,,,,N/A,2026-06-25 07:39:04.524585,2026-06-25 07:39:04.524585
302,CCFR-S00786,ALL_INC,SALE,2026-04-24,144,,,25240200.00,25240200.00,0.000000,0.00,0.000000,0.00,0.000000,0.00,25240200.00,0.00,,False,,,,N/A,2026-06-25 07:39:04.525202,2026-06-25 07:39:04.525202
303,CCFR-S00787,ALL_INC,SALE,2026-04-24,129,,,4130.00,4130.00,0.000000,0.00,0.000000,0.00,0.000000,0.00,4130.00,0.00,PRAMOD,False,,,,N/A,2026-06-25 07:39:04.525793,2026-06-25 07:39:04.525793
304,CCFR-S00788,ALL_INC,SALE,2026-04-24,236,,,15634.00,15634.00,0.000000,0.00,0.000000,0.00,0.000000,0.00,15634.00,0.00,SHEN,False,,,,N/A,2026-06-25 07:39:04.526394,2026-06-25 07:39:04.526394
305,CCFR-S00789,ALL_INC,SALE,2026-04-24,144,,,36167.00,36167.00,0.000000,0.00,0.000000,0.00,0.000000,0.00,36167.00,0.00,SHEN,False,,,,N/A,2026-06-25 07:39:04.527224,2026-06-25 07:39:04.527224
306,CCFR-S00790,ALL_INC,SALE,2026-04-24,210,,,8791.00,8791.00,0.000000,0.00,0.000000,0.00,0.000000,0.00,8791.00,0.00,SHEN,False,,,,N/A,2026-06-25 07:39:04.527913,2026-06-25 07:39:04.527913
307,CCFR-S00791,ALL_INC,SALE,2026-04-24,165,,,3363.00,3363.00,0.000000,0.00,0.000000,0.00,0.000000,0.00,3363.00,0.00,,False,,,,N/A,2026-06-25 07:39:04.528515,2026-06-25 07:39:04.528515
308,CCFR-S00792,ALL_INC,SALE,2026-04-24,195,,,11210.00,11210.00,0.000000,0.00,0.000000,0.00,0.000000,0.00,11210.00,0.00,pramod,False,,,,N/A,2026-06-25 07:39:04.529112,2026-06-25 07:39:04.529112
310,CCFR-S00794,ALL_INC,SALE,2026-04-27,245,1,109,5015.00,5015.00,0.000000,0.00,0.000000,0.00,0.000000,0.00,5015.00,0.00,SHEN,False,,,,N/A,2026-06-25 07:39:04.530347,2026-06-25 07:39:04.530347
311,CCFR-S00795,ALL_INC,SALE,2026-04-28,163,1,110,116820.00,116820.00,0.000000,0.00,0.000000,0.00,0.000000,0.00,116820.00,0.00,SHEN,False,,,,N/A,2026-06-25 07:39:04.530941,2026-06-25 07:39:04.530941
312,CCFR-S00796,ALL_INC,SALE,2026-04-28,254,1,110,116820.00,116820.00,0.000000,0.00,0.000000,0.00,0.000000,0.00,116820.00,0.00,SHEN,False,,,,N/A,2026-06-25 07:39:04.531538,2026-06-25 07:39:04.531538
313,CCFR-S00797,ALL_INC,SALE,2026-04-28,147,1,110,116820.00,116820.00,0.000000,0.00,0.000000,0.00,0.000000,0.00,116820.00,0.00,SHEN,False,,,,N/A,2026-06-25 07:39:04.532114,2026-06-25 07:39:04.532114
314,CCFR-S00798,ALL_INC,SALE,2026-04-29,163,1,111,4130.00,4130.00,0.000000,0.00,0.000000,0.00,0.000000,0.00,4130.00,0.00,SHEN,False,,,,N/A,2026-06-25 07:39:04.532716,2026-06-25 07:39:04.532716
315,CCFR-S00799,ALL_INC,SALE,2026-04-29,214,1,111,1406265.00,1406265.00,0.000000,0.00,0.000000,0.00,0.000000,0.00,1406265.00,0.00,PRAMOD,False,,,,N/A,2026-06-25 07:39:04.533300,2026-06-25 07:39:04.533300
317,CCFR-S00801,ALL_INC,SALE,2026-04-29,214,1,111,8260.00,8260.00,0.000000,0.00,0.000000,0.00,0.000000,0.00,8260.00,0.00,pramod,False,,,,N/A,2026-06-25 07:39:04.534501,2026-06-25 07:39:04.534501
318,CCFR-S00802,ALL_INC,SALE,2026-04-29,163,3,111,24780.00,24780.00,0.000000,0.00,0.000000,0.00,0.000000,0.00,24780.00,0.00,SHEN,False,,,,N/A,2026-06-25 07:39:04.535276,2026-06-25 07:39:04.535276
319,CCFR-S00803,ALL_INC,SALE,2026-04-29,218,3,111,8260.00,8260.00,0.000000,0.00,0.000000,0.00,0.000000,0.00,8260.00,0.00,46141,False,,,,N/A,2026-06-25 07:39:04.535914,2026-06-25 07:39:04.535914
320,CCFR-S00804,ALL_INC,SALE,2026-04-29,164,3,111,8260.00,8260.00,0.000000,0.00,0.000000,0.00,0.000000,0.00,8260.00,0.00,PRAMOD,False,,,,N/A,2026-06-25 07:39:04.536518,2026-06-25 07:39:04.536518
321,CCFR-S00805,ALL_INC,SALE,2026-04-29,184,3,111,0.00,0.00,0.000000,0.00,0.000000,0.00,0.000000,0.00,0.00,0.00,Old read invoice item CCFR -00785,False,,,,N/A,2026-06-25 07:39:04.537120,2026-06-25 07:39:04.537120
322,CCFR-S00806,ALL_INC,SALE,2026-04-29,205,3,111,12390.00,12390.00,0.000000,0.00,0.000000,0.00,0.000000,0.00,12390.00,0.00,PRAMOD,False,,,,N/A,2026-06-25 07:39:04.537468,2026-06-25 07:39:04.537468
323,CCFR-S00807,ALL_INC,SALE,2026-04-29,144,3,111,4661.00,4661.00,0.000000,0.00,0.000000,0.00,0.000000,0.00,4661.00,0.00,pramod,False,,,,N/A,2026-06-25 07:39:04.538087,2026-06-25 07:39:04.538087
324,CCFR-S00808,ALL_INC,SALE,2026-04-29,221,3,111,8260.00,8260.00,0.000000,0.00,0.000000,0.00,0.000000,0.00,8260.00,0.00,CHASH DEPOSIT,False,,,,N/A,2026-06-25 07:39:04.538787,2026-06-25 07:39:04.538787
327,CCFR-S00811,ALL_INC,SALE,2026-04-30,226,3,112,34102.00,34102.00,0.000000,0.00,0.000000,0.00,0.000000,0.00,34102.00,0.00,POST,False,,,,N/A,2026-06-25 07:39:04.541552,2026-06-25 07:39:04.541552
328,CCFR-S00812,ALL_INC,SALE,2026-04-30,51,2,112,55460.00,55460.00,0.000000,0.00,0.000000,0.00,0.000000,0.00,55460.00,0.00,SHEN,False,,,,N/A,2026-06-25 07:39:04.542185,2026-06-25 07:39:04.542185
330,CCFR-S00814,ALL_INC,SALE,2026-04-30,62,2,112,3900.00,3900.00,0.000000,0.00,0.000000,0.00,0.000000,0.00,3900.00,39000.00,,False,,,,N/A,2026-06-25 07:39:04.543636,2026-06-25 07:39:04.543636
331,CCFR-S00815,ALL_INC,SALE,2026-05-02,170,2,133,2950.00,2950.00,0.000000,0.00,0.000000,0.00,0.000000,0.00,2950.00,0.00,pramod,False,,,,N/A,2026-06-25 07:39:04.544008,2026-06-25 07:39:04.544008
332,CCFR-S00816,ALL_INC,SALE,2026-05-01,167,3,132,4130.00,4130.00,0.000000,0.00,0.000000,0.00,0.000000,0.00,4130.00,41300.00,,False,,,,N/A,2026-06-25 07:39:04.544630,2026-06-25 07:39:04.544630
334,CCFR-S00818,ALL_INC,SALE,2026-05-01,170,1,132,11210.00,11210.00,0.000000,0.00,0.000000,0.00,0.000000,0.00,11210.00,0.00,PRAMOD,False,,,,N/A,2026-06-25 07:39:04.545582,2026-06-25 07:39:04.545582
338,CCFR-S00822,ALL_INC,SALE,2026-05-05,155,2,134,12670.00,12670.00,0.000000,0.00,0.000000,0.00,0.000000,0.00,12670.00,0.00,SHEN,False,,,,N/A,2026-06-25 07:39:04.547969,2026-06-25 07:39:04.547969
341,CCFR-S00825,ALL_INC,SALE,2026-05-05,190,2,134,5000.00,5000.00,0.000000,0.00,0.000000,0.00,0.000000,0.00,5000.00,0.00,POST,False,,,,N/A,2026-06-25 07:39:04.549720,2026-06-25 07:39:04.549720
342,CCFR-S00826,ALL_INC,SALE,2026-05-05,135,2,134,8260.00,8260.00,0.000000,0.00,0.000000,0.00,0.000000,0.00,8260.00,0.00,pramod,False,,,,N/A,2026-06-25 07:39:04.550394,2026-06-25 07:39:04.550394
344,CCFR-S00828,ALL_INC,SALE,2026-05-05,196,2,134,8260.00,8260.00,0.000000,0.00,0.000000,0.00,0.000000,0.00,8260.00,0.00,PRAMOD,False,,,,N/A,2026-06-25 07:39:04.551858,2026-06-25 07:39:04.551858
345,CCFR-S00829,ALL_INC,SALE,2026-05-05,150,2,134,4130.00,4130.00,0.000000,0.00,0.000000,0.00,0.000000,0.00,4130.00,0.00,SHEN,False,,,,N/A,2026-06-25 07:39:04.552490,2026-06-25 07:39:04.552490
346,CCFR-S00830,ALL_INC,SALE,2026-05-05,131,1,134,885.00,885.00,0.000000,0.00,0.000000,0.00,0.000000,0.00,885.00,0.00,PRAMOD,False,,,,N/A,2026-06-25 07:39:04.553093,2026-06-25 07:39:04.553093
348,CCFR-S00832,ALL_INC,SALE,2026-05-05,98,1,134,5015.00,5015.00,0.000000,0.00,0.000000,0.00,0.000000,0.00,5015.00,0.00,PRAMOD,False,,,,N/A,2026-06-25 07:39:04.554302,2026-06-25 07:39:04.554302
350,CCFR-S00834,ALL_INC,SALE,2026-05-06,196,4,135,3540.00,3540.00,0.000000,0.00,0.000000,0.00,0.000000,0.00,3540.00,0.00,PRAMOD,False,,,,N/A,2026-06-25 07:39:04.555459,2026-06-25 07:39:04.555459
351,CCFR-S00835,ALL_INC,SALE,2026-05-06,3,4,135,7350.00,7350.00,0.000000,0.00,0.000000,0.00,0.000000,0.00,7350.00,73500.00,,False,,,,N/A,2026-06-25 07:39:04.556336,2026-06-25 07:39:04.556336
352,CCFR-S00836,ALL_INC,SALE,2026-05-06,50,4,135,0.00,0.00,0.000000,0.00,0.000000,0.00,0.000000,0.00,0.00,0.00,CANCELED DATE CHANGE NEW INV CCFR-S00862,False,,,,N/A,2026-06-25 07:39:04.557036,2026-06-25 07:39:04.557036
353,CCFR-S00837,ALL_INC,SALE,2026-05-06,72,4,135,328984.00,328984.00,0.000000,0.00,0.000000,0.00,0.000000,0.00,328984.00,0.00,SHEN,False,,,,N/A,2026-06-25 07:39:04.557602,2026-06-25 07:39:04.557602
354,CCFR-S00838,ALL_INC,SALE,2026-05-06,157,4,135,13393.00,13393.00,0.000000,0.00,0.000000,0.00,0.000000,0.00,13393.00,0.00,PRAMOD,False,,,,N/A,2026-06-25 07:39:04.558324,2026-06-25 07:39:04.558324
355,CCFR-S00839,ALL_INC,SALE,2026-05-07,117,4,136,3562.00,3562.00,0.000000,0.00,0.000000,0.00,0.000000,0.00,3562.00,0.00,JOSHOP,False,,,,N/A,2026-06-25 07:39:04.559163,2026-06-25 07:39:04.559163
357,CCFR-S00841,ALL_INC,SALE,2026-05-07,225,4,136,10000.00,10000.00,0.000000,0.00,0.000000,0.00,0.000000,0.00,10000.00,0.00,POST,False,,,,N/A,2026-06-25 07:39:04.560227,2026-06-25 07:39:04.560227
358,CCFR-S00842,ALL_INC,SALE,2026-05-08,139,1,137,11260.00,11260.00,0.000000,0.00,0.000000,0.00,0.000000,0.00,11260.00,0.00,SHEN,False,,,,N/A,2026-06-25 07:39:04.560857,2026-06-25 07:39:04.560857
359,CCFR-S00843,ALL_INC,SALE,2026-05-08,200,1,137,0.00,0.00,0.000000,0.00,0.000000,0.00,0.000000,0.00,0.00,0.00,,False,,,,N/A,2026-06-25 07:39:04.561464,2026-06-25 07:39:04.561464
361,CCFR-S00845,ALL_INC,SALE,2026-05-08,216,3,137,5320.00,5320.00,0.000000,0.00,0.000000,0.00,0.000000,0.00,5320.00,0.00,SHEN,False,,,,N/A,2026-06-25 07:39:04.562434,2026-06-25 07:39:04.562434
362,CCFR-S00846,ALL_INC,SALE,2026-05-08,210,3,137,5200.00,5200.00,0.000000,0.00,0.000000,0.00,0.000000,0.00,5200.00,0.00,PRAMOD,False,,,,N/A,2026-06-25 07:39:04.563015,2026-06-25 07:39:04.563015
363,CCFR-S00847,ALL_INC,SALE,2026-05-08,202,2,137,0.00,0.00,0.000000,0.00,0.000000,0.00,0.000000,0.00,0.00,0.00,CANCELED,False,,,,N/A,2026-06-25 07:39:04.563614,2026-06-25 07:39:04.563614
365,CCFR-S00849,ALL_INC,SALE,2026-05-11,233,4,138,4875.00,4875.00,0.000000,0.00,0.000000,0.00,0.000000,0.00,4875.00,0.00,PRAMOD,False,,,,N/A,2026-06-25 07:39:04.564541,2026-06-25 07:39:04.564541
366,CCFR-S00850,ALL_INC,SALE,2026-05-11,129,,138,8260.00,8260.00,0.000000,0.00,0.000000,0.00,0.000000,0.00,8260.00,0.00,POST,False,,,,N/A,2026-06-25 07:39:04.565121,2026-06-25 07:39:04.565121
368,CCFR-S00852,ALL_INC,SALE,2026-05-11,232,4,138,0.00,0.00,0.000000,0.00,0.000000,0.00,0.000000,0.00,0.00,0.00,CANCELED WORNG  AMOUNT -CCFR-S00863,False,,,,N/A,2026-06-25 07:39:04.566303,2026-06-25 07:39:04.566303
370,CCFR-S00854,ALL_INC,SALE,2026-05-11,233,3,138,6902.00,6902.00,0.000000,0.00,0.000000,0.00,0.000000,0.00,6902.00,0.00,,False,,,,N/A,2026-06-25 07:39:04.567170,2026-06-25 07:39:04.567170
371,CCFR-S00855,ALL_INC,SALE,2026-05-12,227,5,139,0.00,0.00,0.000000,0.00,0.000000,0.00,0.000000,0.00,0.00,0.00,CANCELD ITEM  BILL IHAKOLAGAMA SB,False,,,,N/A,2026-06-25 07:39:04.567532,2026-06-25 07:39:04.567532
373,CCFR-S00857,ALL_INC,SALE,2026-05-12,134,3,139,4130.00,4130.00,0.000000,0.00,0.000000,0.00,0.000000,0.00,4130.00,0.00,ASANKA,False,,,,N/A,2026-06-25 07:39:04.568527,2026-06-25 07:39:04.568527
374,CCFR-S00858,ALL_INC,SALE,2026-05-12,285,3,139,4130.00,4130.00,0.000000,0.00,0.000000,0.00,0.000000,0.00,4130.00,41300.00,,False,,,,N/A,2026-06-25 07:39:04.569115,2026-06-25 07:39:04.569115
375,CCFR-S00859,ALL_INC,SALE,2026-05-12,185,1,139,2655.00,2655.00,0.000000,0.00,0.000000,0.00,0.000000,0.00,2655.00,0.00,PRAMOD,False,,,,N/A,2026-06-25 07:39:04.569468,2026-06-25 07:39:04.569468
376,CCFR-S00860,ALL_INC,SALE,2026-05-12,193,4,139,7965.00,7965.00,0.000000,0.00,0.000000,0.00,0.000000,0.00,7965.00,0.00,pramod,False,,,,N/A,2026-06-25 07:39:04.570064,2026-06-25 07:39:04.570064
378,CCFR-S00862,ALL_INC,SALE,2026-05-13,50,3,140,86376.00,86376.00,0.000000,0.00,0.000000,0.00,0.000000,0.00,86376.00,0.00,JOSHOP,False,,,,N/A,2026-06-25 07:39:04.571259,2026-06-25 07:39:04.571259
379,CCFR-S00863,ALL_INC,SALE,2026-05-13,232,4,140,0.00,0.00,0.000000,0.00,0.000000,0.00,0.000000,0.00,0.00,0.00,CANCELD  REMOVED USB CABEL NEW INV CCFR -R0900,False,,,,N/A,2026-06-25 07:39:04.571828,2026-06-25 07:39:04.571828
380,CCFR-S00864,ALL_INC,SALE,2026-05-13,131,1,140,9130.00,9130.00,0.000000,0.00,0.000000,0.00,0.000000,0.00,9130.00,0.00,HASITHA,False,,,,N/A,2026-06-25 07:39:04.572164,2026-06-25 07:39:04.572164
382,CCFR-S00866,ALL_INC,SALE,2026-05-13,252,4,140,4130.00,4130.00,0.000000,0.00,0.000000,0.00,0.000000,0.00,4130.00,0.00,POST,False,,,,N/A,2026-06-25 07:39:04.574248,2026-06-25 07:39:04.574248
384,CCFR-S00868,ALL_INC,SALE,2026-05-15,212,2,141,7800.00,7800.00,0.000000,0.00,0.000000,0.00,0.000000,0.00,7800.00,0.00,PRAMOD,False,,,,N/A,2026-06-25 07:39:04.575763,2026-06-25 07:39:04.575763
385,CCFR-S00869,ALL_INC,SALE,2026-05-15,210,3,141,36580.00,36580.00,0.000000,0.00,0.000000,0.00,0.000000,0.00,36580.00,0.00,JOSHOP,False,,,,N/A,2026-06-25 07:39:04.576413,2026-06-25 07:39:04.576413
386,CCFR-S00870,ALL_INC,SALE,2026-05-15,217,3,141,15635.00,15635.00,0.000000,0.00,0.000000,0.00,0.000000,0.00,15635.00,0.00,PRAMOD,False,,,,N/A,2026-06-25 07:39:04.577020,2026-06-25 07:39:04.577020
387,CCFR-S00871,ALL_INC,SALE,2026-05-15,266,4,141,8260.00,8260.00,0.000000,0.00,0.000000,0.00,0.000000,0.00,8260.00,0.00,POST,False,,,,N/A,2026-06-25 07:39:04.577622,2026-06-25 07:39:04.577622
388,CCFR-S00872,ALL_INC,SALE,2026-05-15,157,4,141,7911.00,7911.00,0.000000,0.00,0.000000,0.00,0.000000,0.00,7911.00,0.00,MR ASANKA,False,,,,N/A,2026-06-25 07:39:04.578216,2026-06-25 07:39:04.578216
389,CCFR-S00873,ALL_INC,SALE,2026-05-15,210,3,141,10325.00,10325.00,0.000000,0.00,0.000000,0.00,0.000000,0.00,10325.00,0.00,JOSHOP,False,,,,N/A,2026-06-25 07:39:04.578806,2026-06-25 07:39:04.578806
390,CCFR-S00874,ALL_INC,SALE,2026-05-16,49,2,142,2500.00,2500.00,0.000000,0.00,0.000000,0.00,0.000000,0.00,2500.00,0.00,JOSHOP,False,,,,N/A,2026-06-25 07:39:04.579393,2026-06-25 07:39:04.579393
391,CCFR-S00875,ALL_INC,SALE,2026-05-16,97,2,142,5800.00,5800.00,0.000000,0.00,0.000000,0.00,0.000000,0.00,5800.00,0.00,,False,,,,N/A,2026-06-25 07:39:04.579983,2026-06-25 07:39:04.579983
394,CCFR-S00878,ALL_INC,SALE,2026-05-18,276,2,143,413.00,413.00,0.000000,0.00,0.000000,0.00,0.000000,0.00,413.00,0.00,PRAMOD,False,,,,N/A,2026-06-25 07:39:04.581743,2026-06-25 07:39:04.581743
396,CCFR-S00880,ALL_INC,SALE,2026-05-19,144,3,144,4130.00,4130.00,0.000000,0.00,0.000000,0.00,0.000000,0.00,4130.00,0.00,pramod,False,,,,N/A,2026-06-25 07:39:04.583126,2026-06-25 07:39:04.583126
397,CCFR-S00881,ALL_INC,SALE,2026-05-19,144,3,144,2655000.00,2655000.00,0.000000,0.00,0.000000,0.00,0.000000,0.00,2655000.00,0.00,PRamod,False,,,,N/A,2026-06-25 07:39:04.583827,2026-06-25 07:39:04.583827
398,CCFR-S00882,ALL_INC,SALE,2026-05-19,253,3,144,37760.00,37760.00,0.000000,0.00,0.000000,0.00,0.000000,0.00,37760.00,0.00,PRAMOD,False,,,,N/A,2026-06-25 07:39:04.584469,2026-06-25 07:39:04.584469
399,CCFR-S00883,ALL_INC,SALE,2026-05-19,126,3,144,29354.00,29354.00,0.000000,0.00,0.000000,0.00,0.000000,0.00,29354.00,0.00,SHEN,False,,,,N/A,2026-06-25 07:39:04.585083,2026-06-25 07:39:04.585083
400,CCFR-S00884,ALL_INC,SALE,2026-05-19,210,3,144,42045.00,42045.00,0.000000,0.00,0.000000,0.00,0.000000,0.00,42045.00,0.00,PRAMOD,False,,,,N/A,2026-06-25 07:39:04.585685,2026-06-25 07:39:04.585685
404,CCFR-S00888,ALL_INC,SALE,2026-05-20,162,3,145,8850.00,8850.00,0.000000,0.00,0.000000,0.00,0.000000,0.00,8850.00,0.00,SHEN,False,,,,N/A,2026-06-25 07:39:04.588185,2026-06-25 07:39:04.588185
405,CCFR-S00889,ALL_INC,SALE,2026-05-20,162,3,145,0.00,0.00,0.000000,0.00,0.000000,0.00,0.000000,0.00,0.00,0.00,canselled,False,,,,N/A,2026-06-25 07:39:04.588890,2026-06-25 07:39:04.588890
406,CCFR-S00890,ALL_INC,SALE,2026-05-21,168,3,146,2375.00,2375.00,0.000000,0.00,0.000000,0.00,0.000000,0.00,2375.00,0.00,PRAMOD,False,,,,N/A,2026-06-25 07:39:04.589341,2026-06-25 07:39:04.589341
407,CCFR-S00891,ALL_INC,SALE,2026-05-21,54,3,146,171100.00,171100.00,0.000000,0.00,0.000000,0.00,0.000000,0.00,171100.00,1000.00,,False,,,,N/A,2026-06-25 07:39:04.590356,2026-06-25 07:39:04.590356
408,CCFR-S00892,ALL_INC,SALE,2026-05-21,175,3,146,5900.00,5900.00,0.000000,0.00,0.000000,0.00,0.000000,0.00,5900.00,0.00,PRAMOD,False,,,,N/A,2026-06-25 07:39:04.591433,2026-06-25 07:39:04.591433
409,CCFR-S00893,ALL_INC,SALE,2026-05-21,260,3,146,4800.00,4800.00,0.000000,0.00,0.000000,0.00,0.000000,0.00,4800.00,0.00,PRAMOD,False,,,,N/A,2026-06-25 07:39:04.592343,2026-06-25 07:39:04.592343
416,CCFR-S00900,ALL_INC,SALE,2026-05-25,232,3,147,20650.00,20650.00,0.000000,0.00,0.000000,0.00,0.000000,0.00,20650.00,206500.00,,False,,,,N/A,2026-06-25 07:39:04.596397,2026-06-25 07:39:04.596397
417,CCFR-S00901,ALL_INC,SALE,2026-05-25,140,3,147,4750.00,4750.00,0.000000,0.00,0.000000,0.00,0.000000,0.00,4750.00,0.00,POST,False,,,,N/A,2026-06-25 07:39:04.596753,2026-06-25 07:39:04.596753
418,CCFR-S00902,ALL_INC,SALE,2026-05-25,215,3,147,17641.00,17641.00,0.000000,0.00,0.000000,0.00,0.000000,0.00,17641.00,0.00,pramod,False,,,,N/A,2026-06-25 07:39:04.597351,2026-06-25 07:39:04.597351
419,CCFR-S00903,ALL_INC,SALE,2026-05-26,155,4,148,1771.00,1771.00,0.000000,0.00,0.000000,0.00,0.000000,0.00,1771.00,0.00,SHEN,False,,,,N/A,2026-06-25 07:39:04.597958,2026-06-25 07:39:04.597958
426,CCFR-S00910,ALL_INC,SALE,2026-05-29,46,2,149,196000.00,196000.00,0.000000,0.00,0.000000,0.00,0.000000,0.00,196000.00,460000.00,,False,,,,N/A,2026-06-25 07:39:04.602144,2026-06-25 07:39:04.602144
428,CCFR-S00912,ALL_INC,SALE,2026-06-01,145,1,161,11700.00,11700.00,0.000000,0.00,0.000000,0.00,0.000000,0.00,11700.00,0.00,pramod,False,,,,N/A,2026-06-25 07:39:04.603098,2026-06-25 07:39:04.603098
429,CCFR-S00913,ALL_INC,SALE,2026-06-01,187,3,161,5074.00,5074.00,0.000000,0.00,0.000000,0.00,0.000000,0.00,5074.00,0.00,pramod,False,,,,N/A,2026-06-25 07:39:04.603683,2026-06-25 07:39:04.603683
430,CCFR-S00914,ALL_INC,SALE,2026-06-01,2,3,161,5800.00,5800.00,0.000000,0.00,0.000000,0.00,0.000000,0.00,5800.00,0.00,DEPOSIT,False,,,,N/A,2026-06-25 07:39:04.604260,2026-06-25 07:39:04.604260
431,CCFR-S00915,ALL_INC,SALE,2026-06-02,153,3,162,1770.00,1770.00,0.000000,0.00,0.000000,0.00,0.000000,0.00,1770.00,17700.00,,False,,,,N/A,2026-06-25 07:39:04.604835,2026-06-25 07:39:04.604835
433,CCFR-S00917,ALL_INC,SALE,2026-06-02,62,3,162,1950.00,1950.00,0.000000,0.00,0.000000,0.00,0.000000,0.00,1950.00,0.00,PRAMOD,False,,,,N/A,2026-06-25 07:39:04.605882,2026-06-25 07:39:04.605882
435,CCFR-S00919,ALL_INC,SALE,2026-06-03,112,3,163,6500.00,6500.00,0.000000,0.00,0.000000,0.00,0.000000,0.00,6500.00,6000.00,PRAMOD,False,,,,N/A,2026-06-25 07:39:04.608084,2026-06-25 07:39:04.608084
438,CCFR-S00922,ALL_INC,SALE,2026-06-04,239,4,164,14700.00,14700.00,0.000000,0.00,0.000000,0.00,0.000000,0.00,14700.00,0.00,POST,False,,,,N/A,2026-06-25 07:39:04.609992,2026-06-25 07:39:04.609992
441,CCFR-S00925,ALL_INC,SALE,2026-06-06,231,1,165,6900.00,6900.00,0.000000,0.00,0.000000,0.00,0.000000,0.00,6900.00,0.00,PRAMOD,False,,,,N/A,2026-06-25 07:39:04.611843,2026-06-25 07:39:04.611843
442,CCFR-S00926,ALL_INC,SALE,2026-06-06,147,1,165,11000.00,11000.00,0.000000,0.00,0.000000,0.00,0.000000,0.00,11000.00,0.00,POST,False,,,,N/A,2026-06-25 07:39:04.612433,2026-06-25 07:39:04.612433
443,CCFR-S00927,ALL_INC,SALE,2026-06-06,144,1,165,8200.00,8200.00,0.000000,0.00,0.000000,0.00,0.000000,0.00,8200.00,0.00,PRAMOD,False,,,,N/A,2026-06-25 07:39:04.613026,2026-06-25 07:39:04.613026
444,CCFR-S00928,ALL_INC,SALE,2026-06-06,153,1,165,3650.00,3650.00,0.000000,0.00,0.000000,0.00,0.000000,0.00,3650.00,0.00,PRAMOD,False,,,,N/A,2026-06-25 07:39:04.613651,2026-06-25 07:39:04.613651
445,CCFR-S00929,ALL_INC,SALE,2026-06-06,93,4,165,2950.00,2950.00,0.000000,0.00,0.000000,0.00,0.000000,0.00,2950.00,0.00,TRANSFER,False,,,,N/A,2026-06-25 07:39:04.614249,2026-06-25 07:39:04.614249
447,CCFR-S00931,ALL_INC,SALE,2026-06-08,88,1,166,1950.00,1950.00,0.000000,0.00,0.000000,0.00,0.000000,0.00,1950.00,0.00,JOSHOP,False,,,,N/A,2026-06-25 07:39:04.615831,2026-06-25 07:39:04.615831
448,CCFR-S00932,ALL_INC,SALE,2026-06-09,161,1,167,2550.00,2550.00,0.000000,0.00,0.000000,0.00,0.000000,0.00,2550.00,0.00,PRAMOD,False,,,,N/A,2026-06-25 07:39:04.616463,2026-06-25 07:39:04.616463
449,CCFR-S00933,ALL_INC,SALE,2026-06-09,238,1,167,5450.00,5450.00,0.000000,0.00,0.000000,0.00,0.000000,0.00,5450.00,0.00,,False,,,,N/A,2026-06-25 07:39:04.617129,2026-06-25 07:39:04.617129
451,CCFR-S00935,ALL_INC,SALE,2026-06-10,188,1,168,11600.00,11600.00,0.000000,0.00,0.000000,0.00,0.000000,0.00,11600.00,116000.00,,False,,,,N/A,2026-06-25 07:39:04.618323,2026-06-25 07:39:04.618323
452,CCFR-S00936,ALL_INC,SALE,2026-06-10,187,1,168,9365.00,9365.00,0.000000,0.00,0.000000,0.00,0.000000,0.00,9365.00,0.00,SHEN,False,,,,N/A,2026-06-25 07:39:04.618678,2026-06-25 07:39:04.618678
454,CCFR-S00938,ALL_INC,SALE,2026-06-11,96,1,169,2500.00,2500.00,0.000000,0.00,0.000000,0.00,0.000000,0.00,2500.00,0.00,SHEN,False,,,,N/A,2026-06-25 07:39:04.619612,2026-06-25 07:39:04.619612
456,CCFR-S00940,ALL_INC,SALE,2026-06-12,286,1,170,6075.00,6075.00,0.000000,0.00,0.000000,0.00,0.000000,0.00,6075.00,0.00,JOSHOP,False,,,,N/A,2026-06-25 07:39:04.620561,2026-06-25 07:39:04.620561
461,CCFR-S00945,ALL_INC,SALE,2026-06-15,215,3,171,2360.00,2360.00,0.000000,0.00,0.000000,0.00,0.000000,0.00,2360.00,23600.00,,False,,,,N/A,2026-06-25 07:39:04.624062,2026-06-25 07:39:04.624062
462,CCFR-S00946,ALL_INC,SALE,2026-06-16,211,3,172,20775.00,20775.00,0.000000,0.00,0.000000,0.00,0.000000,0.00,20775.00,207750.00,,False,,,,N/A,2026-06-25 07:39:04.624578,2026-06-25 07:39:04.624578
463,CCFR-S00947,ALL_INC,SALE,2026-06-16,220,3,172,8850.00,8850.00,0.000000,0.00,0.000000,0.00,0.000000,0.00,8850.00,88500.00,,False,,,,N/A,2026-06-25 07:39:04.625007,2026-06-25 07:39:04.625007
464,CCFR-S00948,ALL_INC,SALE,2026-06-16,161,3,172,8850.00,8850.00,0.000000,0.00,0.000000,0.00,0.000000,0.00,8850.00,0.00,PRAMOD,False,,,,N/A,2026-06-25 07:39:04.625399,2026-06-25 07:39:04.625399
465,CCFR-S00949,ALL_INC,SALE,2026-06-16,191,3,172,8850.00,8850.00,0.000000,0.00,0.000000,0.00,0.000000,0.00,8850.00,0.00,PRAMOD,False,,,,N/A,2026-06-25 07:39:04.626024,2026-06-25 07:39:04.626024
466,CCFR-S00950,ALL_INC,SALE,2026-06-16,136,3,172,4550.00,4550.00,0.000000,0.00,0.000000,0.00,0.000000,0.00,4550.00,0.00,PRAMOD,False,,,,N/A,2026-06-25 07:39:04.626633,2026-06-25 07:39:04.626633
467,CCFR-S00951,ALL_INC,SALE,2026-06-16,125,3,172,5369.00,5369.00,0.000000,0.00,0.000000,0.00,0.000000,0.00,5369.00,0.00,PRAMOD,False,,,,N/A,2026-06-25 07:39:04.627243,2026-06-25 07:39:04.627243
468,CCFR-S00952,ALL_INC,SALE,2026-06-16,83,3,172,1593.00,1593.00,0.000000,0.00,0.000000,0.00,0.000000,0.00,1593.00,0.00,SHEN,False,,,,N/A,2026-06-25 07:39:04.627846,2026-06-25 07:39:04.627846
469,CCFR-S00953,ALL_INC,SALE,2026-06-16,20,3,172,4000.00,4000.00,0.000000,0.00,0.000000,0.00,0.000000,0.00,4000.00,40000.00,,False,,,,N/A,2026-06-25 07:39:04.628444,2026-06-25 07:39:04.628444
470,CCFR-S00954,ALL_INC,SALE,2026-06-16,224,3,172,16200.00,16200.00,0.000000,0.00,0.000000,0.00,0.000000,0.00,16200.00,162000.00,,False,,,,N/A,2026-06-25 07:39:04.628803,2026-06-25 07:39:04.628803
471,CCFR-S00955,ALL_INC,SALE,2026-06-17,202,2,173,116820.00,116820.00,0.000000,0.00,0.000000,0.00,0.000000,0.00,116820.00,0.00,PRAMOD,False,,,,N/A,2026-06-25 07:39:04.629171,2026-06-25 07:39:04.629171
472,CCFR-S00956,ALL_INC,SALE,2026-06-17,173,2,173,116820.00,116820.00,0.000000,0.00,0.000000,0.00,0.000000,0.00,116820.00,0.00,PRAMOD,False,,,,N/A,2026-06-25 07:39:04.629766,2026-06-25 07:39:04.629766
473,CCFR-S00957,ALL_INC,SALE,2026-06-17,194,2,173,116820.00,116820.00,0.000000,0.00,0.000000,0.00,0.000000,0.00,116820.00,0.00,PRAMOD,False,,,,N/A,2026-06-25 07:39:04.630352,2026-06-25 07:39:04.630352
474,CCFR-S00958,ALL_INC,SALE,2026-06-17,203,2,173,116820.00,116820.00,0.000000,0.00,0.000000,0.00,0.000000,0.00,116820.00,0.00,PRAMOD,False,,,,N/A,2026-06-25 07:39:04.630942,2026-06-25 07:39:04.630942
476,CCFR-S00960,ALL_INC,SALE,2026-06-17,127,2,173,5600.00,5600.00,0.000000,0.00,0.000000,0.00,0.000000,0.00,5600.00,56000.00,,False,,,,N/A,2026-06-25 07:39:04.631876,2026-06-25 07:39:04.631876
477,CCFR-S00961,ALL_INC,SALE,2026-06-18,143,3,174,18762.00,18762.00,0.000000,0.00,0.000000,0.00,0.000000,0.00,18762.00,0.00,SHEN,False,,,,N/A,2026-06-25 07:39:04.632217,2026-06-25 07:39:04.632217
478,CCFR-S00962,ALL_INC,SALE,2026-06-18,178,3,174,9912.00,9912.00,0.000000,0.00,0.000000,0.00,0.000000,0.00,9912.00,99120.00,,False,,,,N/A,2026-06-25 07:39:04.632867,2026-06-25 07:39:04.632867
479,CCFR-S00963,ALL_INC,SALE,2026-06-18,211,3,174,39530.00,39530.00,0.000000,0.00,0.000000,0.00,0.000000,0.00,39530.00,395300.00,,False,,,,N/A,2026-06-25 07:39:04.633212,2026-06-25 07:39:04.633212
480,CCFR-S00964,ALL_INC,SALE,2026-06-19,152,3,175,8850.00,8850.00,0.000000,0.00,0.000000,0.00,0.000000,0.00,8850.00,0.00,PRAMOD,False,,,,N/A,2026-06-25 07:39:04.633550,2026-06-25 07:39:04.633550
481,CCFR-S00965,ALL_INC,SALE,2026-06-19,39,3,175,4130.00,4130.00,0.000000,0.00,0.000000,0.00,0.000000,0.00,4130.00,0.00,shen,False,,,,N/A,2026-06-25 07:39:04.634145,2026-06-25 07:39:04.634145
482,CCFR-S00966,ALL_INC,SALE,2026-06-20,78,3,176,4130.00,4130.00,0.000000,0.00,0.000000,0.00,0.000000,0.00,4130.00,0.00,SHEN,False,,,,N/A,2026-06-25 07:39:04.634742,2026-06-25 07:39:04.634742
483,CCFR-S00967,ALL_INC,SALE,2026-06-22,212,1,177,747480.00,747480.00,0.000000,0.00,0.000000,0.00,0.000000,0.00,747480.00,0.00,PRAMOD,False,,,,N/A,2026-06-25 07:39:04.635338,2026-06-25 07:39:04.635338
484,CCFR-S00968,ALL_INC,SALE,2026-06-22,160,1,177,747480.00,747480.00,0.000000,0.00,0.000000,0.00,0.000000,0.00,747480.00,0.00,PRAMOD,False,,,,N/A,2026-06-25 07:39:04.636024,2026-06-25 07:39:04.636024
485,CCFR-S00969,ALL_INC,SALE,2026-06-22,183,1,177,8850.00,8850.00,0.000000,0.00,0.000000,0.00,0.000000,0.00,8850.00,88500.00,,False,,,,N/A,2026-06-25 07:39:04.636610,2026-06-25 07:39:04.636610
486,CCFR-S00970,ALL_INC,SALE,2026-06-22,192,1,177,8850.00,8850.00,0.000000,0.00,0.000000,0.00,0.000000,0.00,8850.00,88500.00,,False,,,,N/A,2026-06-25 07:39:04.636975,2026-06-25 07:39:04.636975
488,CCFR-S00972,ALL_INC,SALE,2026-06-23,91,2,178,43600.00,43600.00,0.000000,0.00,0.000000,0.00,0.000000,0.00,43600.00,436000.00,,False,,,,N/A,2026-06-25 07:39:04.637905,2026-06-25 07:39:04.637905
489,CCFR-S00973,ALL_INC,SALE,2026-06-23,218,,178,8850.00,8850.00,0.000000,0.00,0.000000,0.00,0.000000,0.00,8850.00,88500.00,,False,,,,N/A,2026-06-25 07:39:04.638234,2026-06-25 07:39:04.638234
490,CCFR-S00974,ALL_INC,SALE,2026-06-23,20,2,178,0.00,0.00,0.000000,0.00,0.000000,0.00,0.000000,0.00,0.00,0.00,,False,,,,N/A,2026-06-25 07:39:04.638569,2026-06-25 07:39:04.638569
491,CCFR-S00975,ALL_INC,SALE,2026-06-23,20,2,178,6690.00,6690.00,0.000000,0.00,0.000000,0.00,0.000000,0.00,6690.00,66900.00,,False,,,,N/A,2026-06-25 07:39:04.638901,2026-06-25 07:39:04.638901
492,CCFR-S00976,ALL_INC,SALE,2026-06-23,20,2,178,12000.00,12000.00,0.000000,0.00,0.000000,0.00,0.000000,0.00,12000.00,120000.00,,False,,,,N/A,2026-06-25 07:39:04.639547,2026-06-25 07:39:04.639547
493,CCFR-S00977,ALL_INC,SALE,2026-06-23,169,2,178,13334.00,13334.00,0.000000,0.00,0.000000,0.00,0.000000,0.00,13334.00,0.00,PRAMOD,False,,,,N/A,2026-06-25 07:39:04.640144,2026-06-25 07:39:04.640144
494,CCFR-S00978,ALL_INC,SALE,2026-06-23,159,2,178,8850.00,8850.00,0.000000,0.00,0.000000,0.00,0.000000,0.00,8850.00,0.00,PRAMOD,False,,,,N/A,2026-06-25 07:39:04.641097,2026-06-25 07:39:04.641097
495,CCFR-S00979,ALL_INC,SALE,2026-06-23,286,2,178,6075.00,6075.00,0.000000,0.00,0.000000,0.00,0.000000,0.00,6075.00,60750.00,,False,,,,N/A,2026-06-25 07:39:04.641831,2026-06-25 07:39:04.641831
496,CCFR-S00980,ALL_INC,SALE,2026-06-23,126,2,178,3127.00,3127.00,0.000000,0.00,0.000000,0.00,0.000000,0.00,3127.00,0.00,SHEN,False,,,,N/A,2026-06-25 07:39:04.642213,2026-06-25 07:39:04.642213
497,CCFR-S00981,ALL_INC,SALE,2026-06-24,162,2,179,26550.00,26550.00,0.000000,0.00,0.000000,0.00,0.000000,0.00,26550.00,265500.00,,False,,,,N/A,2026-06-25 07:39:04.642839,2026-06-25 07:39:04.642839
498,CCFR-S00982,ALL_INC,SALE,2026-06-24,81,2,179,3100.00,3100.00,0.000000,0.00,0.000000,0.00,0.000000,0.00,3100.00,0.00,JOSHOP,False,,,,N/A,2026-06-25 07:39:04.643205,2026-06-25 07:39:04.643205
499,CCFR-S00983,ALL_INC,SALE,2026-06-24,144,2,179,10561.00,10561.00,0.000000,0.00,0.000000,0.00,0.000000,0.00,10561.00,105610.00,,False,,,,N/A,2026-06-25 07:39:04.643802,2026-06-25 07:39:04.643802
500,CCFR-S00984,ALL_INC,SALE,2026-06-24,120,2,179,0.00,0.00,0.000000,0.00,0.000000,0.00,0.000000,0.00,0.00,0.00,,False,,,,N/A,2026-06-25 07:39:04.644156,2026-06-25 07:39:04.644156
501,CCFR-S00985,ALL_INC,SALE,2026-06-24,118,2,179,0.00,0.00,0.000000,0.00,0.000000,0.00,0.000000,0.00,0.00,0.00,,False,,,,N/A,2026-06-25 07:39:04.644513,2026-06-25 07:39:04.644513
502,CCFR-S00986,ALL_INC,SALE,2026-06-24,194,2,179,0.00,0.00,0.000000,0.00,0.000000,0.00,0.000000,0.00,0.00,0.00,,False,,,,N/A,2026-06-25 07:39:04.644857,2026-06-25 07:39:04.644857
503,CCFR-S00987,ALL_INC,SALE,2026-06-24,121,2,179,0.00,0.00,0.000000,0.00,0.000000,0.00,0.000000,0.00,0.00,0.00,,False,,,,N/A,2026-06-25 07:39:04.645199,2026-06-25 07:39:04.645199
504,CCFR-S00988,ALL_INC,SALE,2026-06-24,120,,179,0.00,0.00,0.000000,0.00,0.000000,0.00,0.000000,0.00,0.00,0.00,,False,,,,N/A,2026-06-25 07:39:04.645556,2026-06-25 07:39:04.645556
507,2026-01-S12494,VAT,SALE,2026-01-13,4,,,1003000.00,1003000.00,0.000000,0.00,0.000000,0.00,0.000000,15300.00,1018300.00,100300.00,,False,,,,N/A,2026-06-25 07:39:04.646613,2026-06-25 07:39:04.646613
508,2026-01-S12495,VAT,SALE,2026-01-13,23,,,0.00,0.00,0.000000,0.00,0.000000,0.00,0.000000,8550.00,8550.00,0.00,MR Asanka,False,,,,N/A,2026-06-25 07:39:04.646955,2026-06-25 07:39:04.646955
509,2026-01-S12496,VAT,SALE,2026-01-14,23,,,21594.00,21594.00,0.000000,0.00,0.000000,0.00,0.000000,3294.00,24888.00,0.00,JOSH,False,,,,N/A,2026-06-25 07:39:04.647303,2026-06-25 07:39:04.647303
511,2026-02-S12498,VAT,SALE,2026-02-06,35,,,5841.00,5841.00,0.000000,0.00,0.000000,0.00,0.000000,8910.00,14751.00,0.00,mr josh,False,,,,N/A,2026-06-25 07:39:04.648461,2026-06-25 07:39:04.648461
512,2026-02-S12499,VAT,SALE,2026-02-06,23,,,16900.00,16900.00,0.000000,0.00,0.000000,0.00,0.000000,30420.00,47320.00,0.00,MR ASANKA,False,,,,N/A,2026-06-25 07:39:04.649031,2026-06-25 07:39:04.649031
514,2026-02-S12501,VAT,SALE,2026-02-11,9,,,4661.00,4661.00,0.000000,0.00,0.000000,0.00,0.000000,7110.00,11771.00,0.00,PRAMODH,False,,,,N/A,2026-06-25 07:39:04.649956,2026-06-25 07:39:04.649956
515,2026-02-S12502,VAT,SALE,2026-02-12,29,,,531000.00,531000.00,0.000000,0.00,0.000000,0.00,0.000000,8100.00,539100.00,0.00,PRAMODH,False,,,,N/A,2026-06-25 07:39:04.650532,2026-06-25 07:39:04.650532
516,2026-02-S12503,VAT,SALE,2026-02-16,31,,,1416.00,1416.00,0.000000,0.00,0.000000,0.00,0.000000,2160.00,3576.00,14160.00,,False,,,,N/A,2026-06-25 07:39:04.651106,2026-06-25 07:39:04.651106
521,2026-02-S12508,VAT,SALE,2026-02-23,287,,,30621.00,30621.00,0.000000,0.00,0.000000,0.00,0.000000,46710.00,77331.00,0.00,SHEN,False,,,,N/A,2026-06-25 07:39:04.653502,2026-06-25 07:39:04.653502
522,2026-02-S12509,VAT,SALE,2026-02-26,110,,,4130.00,4130.00,0.000000,0.00,0.000000,0.00,0.000000,6300.00,10430.00,0.00,Mr Asanka - Online trna,False,,,,N/A,2026-06-25 07:39:04.654072,2026-06-25 07:39:04.654072
523,2026-02-S12511,VAT,SALE,2026-02-25,23,,,8850.00,8850.00,0.000000,0.00,0.000000,0.00,0.000000,13500.00,22350.00,0.00,MR ASANKA,False,,,,N/A,2026-06-25 07:39:04.658249,2026-06-25 07:39:04.658249
524,2026-02-S12512,VAT,SALE,2026-02-25,115,,,9912.00,9912.00,0.000000,0.00,0.000000,0.00,0.000000,15120.00,25032.00,15120.00,vat not paid,False,,,,N/A,2026-06-25 07:39:04.659074,2026-06-25 07:39:04.659074
525,2026-02-S12513,VAT,SALE,2026-02-25,114,,,129564.00,129564.00,0.000000,0.00,0.000000,0.00,0.000000,197640.00,327204.00,0.00,MR ASANKA,False,,,,N/A,2026-06-25 07:39:04.659469,2026-06-25 07:39:04.659469
526,2026-03-S12514,VAT,SALE,2026-03-03,23,,,18880.00,18880.00,0.000000,0.00,0.000000,0.00,0.000000,28800.00,47680.00,0.00,MR ASANKA,False,,,,N/A,2026-06-25 07:39:04.660320,2026-06-25 07:39:04.660320
527,2026-03-S12515,VAT,SALE,2026-03-03,32,,,1947.00,1947.00,0.000000,0.00,0.000000,0.00,0.000000,2970.00,4917.00,0.00,JOSH,False,,,,N/A,2026-06-25 07:39:04.660996,2026-06-25 07:39:04.660996
528,2026-03-S12516,VAT,SALE,2026-03-03,26,,,7693.00,7693.00,0.000000,0.00,0.000000,0.00,0.000000,11736.00,19429.00,0.00,PRAMODH,False,,,,N/A,2026-06-25 07:39:04.661612,2026-06-25 07:39:04.661612
529,2026-03-S12517,VAT,SALE,2026-03-06,5,,69,2950.00,2950.00,0.000000,0.00,0.000000,0.00,0.000000,4500.00,7450.00,0.00,HASITH,False,,,,N/A,2026-06-25 07:39:04.662205,2026-06-25 07:39:04.662205
530,2026-03-S12518,VAT,SALE,2026-03-09,31,,,21948.00,21948.00,0.000000,0.00,0.000000,0.00,0.000000,3348.00,25296.00,0.00,JOSH,False,,,,N/A,2026-06-25 07:39:04.662809,2026-06-25 07:39:04.662809
532,2026-03-S12520,VAT,SALE,2026-03-12,37,,,7021.00,7021.00,0.000000,0.00,0.000000,0.00,0.000000,10710.00,17731.00,0.00,HASITH,False,,,,N/A,2026-06-25 07:39:04.663958,2026-06-25 07:39:04.663958
534,2026-03-S12522,VAT,SALE,2026-03-13,23,,,19942.00,19942.00,0.000000,0.00,0.000000,0.00,0.000000,30420.00,50362.00,199420.00,,False,,,,N/A,2026-06-25 07:39:04.665118,2026-06-25 07:39:04.665118
535,2026-03-S12523,VAT,SALE,2026-03-16,288,,70,16948.00,16948.00,0.000000,0.00,0.000000,0.00,0.000000,305064.00,322012.00,169480.00,,False,,,,N/A,2026-06-25 07:39:04.665459,2026-06-25 07:39:04.665459
538,2026-03-S12526,VAT,SALE,2026-03-24,23,,,580324.00,580324.00,0.000000,0.00,0.000000,0.00,0.000000,88524.00,668848.00,0.00,JOSH,False,,,,N/A,2026-06-25 07:39:04.666457,2026-06-25 07:39:04.666457
539,2026-03-S12527,VAT,SALE,2026-03-27,35,,71,0.00,0.00,0.000000,0.00,0.000000,0.00,0.000000,0.00,0.00,0.00,NEW INVOICE 2024-04-S12543,False,,,,N/A,2026-06-25 07:39:04.667971,2026-06-25 07:39:04.667971
540,2026-03-S12529,VAT,SALE,2026-03-30,34,,,0.00,0.00,0.000000,0.00,0.000000,0.00,0.000000,2295.00,2295.00,0.00,CANCELED  DUOL INV NEW INV 2026-03-S12531,False,,,,N/A,2026-06-25 07:39:04.669301,2026-06-25 07:39:04.669301
541,2026-03-S12530,VAT,SALE,2026-03-30,24,,,8732.00,8732.00,0.000000,0.00,0.000000,0.00,0.000000,13320.00,22052.00,0.00,JOSH,False,,,,N/A,2026-06-25 07:39:04.669765,2026-06-25 07:39:04.669765
542,2026-03-S12531,VAT,SALE,2026-03-31,14,,,15045.00,15045.00,0.000000,0.00,0.000000,0.00,0.000000,2295.00,17340.00,0.00,OFFICE,False,,,,N/A,2026-06-25 07:39:04.670459,2026-06-25 07:39:04.670459
543,2026-04-S12532,VAT,SALE,2026-04-06,17,,98,589705.00,589705.00,0.000000,0.00,0.000000,0.00,0.000000,89955.00,679660.00,0.00,SHEN,False,,,,N/A,2026-06-25 07:39:04.671089,2026-06-25 07:39:04.671089
544,2026-04-S12533,VAT,SALE,2026-04-09,52,,,171100.00,171100.00,0.000000,0.00,0.000000,0.00,0.000000,261000.00,432100.00,0.00,SAMPATH BANK,False,,,,N/A,2026-06-25 07:39:04.671735,2026-06-25 07:39:04.671735
545,2026-04-S12534,VAT,SALE,2026-04-10,26,,99,6844.00,6844.00,0.000000,0.00,0.000000,0.00,0.000000,10440.00,17284.00,0.00,OFFICE,False,,,,N/A,2026-06-25 07:39:04.672533,2026-06-25 07:39:04.672533
546,2026-04-S12535,VAT,SALE,2026-04-10,28,,99,139122.00,139122.00,0.000000,0.00,0.000000,0.00,0.000000,21222.00,160344.00,0.00,MR ASANKA,False,,,,N/A,2026-06-25 07:39:04.674294,2026-06-25 07:39:04.674294
547,2026-04-S12536,VAT,SALE,2026-04-17,23,,100,29913.00,29913.00,0.000000,0.00,0.000000,0.00,0.000000,45630.00,75543.00,299130.00,,False,,,,N/A,2026-06-25 07:39:04.675269,2026-06-25 07:39:04.675269
548,2026-04-S12537,VAT,SALE,2026-04-17,6,,100,2360.00,2360.00,0.000000,0.00,0.000000,0.00,0.000000,3600.00,5960.00,0.00,HASITH,False,,,,N/A,2026-06-25 07:39:04.675761,2026-06-25 07:39:04.675761
549,2026-04-S12538,VAT,SALE,2026-04-20,113,,,133340.00,133340.00,0.000000,0.00,0.000000,0.00,0.000000,203400.00,336740.00,0.00,HASITHA,False,,,,N/A,2026-06-25 07:39:04.676512,2026-06-25 07:39:04.676512
550,2026-04-S12539,VAT,SALE,2026-04-20,45,,,30326.00,30326.00,0.000000,0.00,0.000000,0.00,0.000000,46260.00,76586.00,303260.00,,False,,,,N/A,2026-06-25 07:39:04.677161,2026-06-25 07:39:04.677161
551,2026-04-S12540,VAT,SALE,2026-04-22,110,,,20650.00,20650.00,0.000000,0.00,0.000000,0.00,0.000000,31500.00,52150.00,206500.00,,False,,,,N/A,2026-06-25 07:39:04.677519,2026-06-25 07:39:04.677519
552,2024-04-S12543,VAT,SALE,2024-04-24,35,,,235056.00,235056.00,0.000000,0.00,0.000000,0.00,0.000000,35856.00,270912.00,0.00,SHEN,False,,,,N/A,2026-06-25 07:39:04.678850,2026-06-25 07:39:04.678850
553,2026-04-S12545,VAT,SALE,2026-04-27,26,,,10266.00,10266.00,0.000000,0.00,0.000000,0.00,0.000000,15660.00,25926.00,0.00,PRAMODH,False,,,,N/A,2026-06-25 07:39:04.679865,2026-06-25 07:39:04.679865
554,2026-04-S12546,VAT,SALE,2026-04-28,34,,,9145.00,9145.00,0.000000,0.00,0.000000,0.00,0.000000,13950.00,23095.00,0.00,POST,False,,,,N/A,2026-06-25 07:39:04.680492,2026-06-25 07:39:04.680492
555,2026-04-S12547,VAT,SALE,2026-04-28,29,,,1947.00,1947.00,0.000000,0.00,0.000000,0.00,0.000000,2970.00,4917.00,19470.00,,False,,,,N/A,2026-06-25 07:39:04.681083,2026-06-25 07:39:04.681083
556,2026-04-S12548,VAT,SALE,2026-04-30,23,,,0.00,0.00,0.000000,0.00,0.000000,0.00,0.000000,38736.00,38736.00,0.00,CANCELD DATE CHANGE NEW INV 2026-05-S12559 /2026-05-S12558,False,,,,N/A,2026-06-25 07:39:04.681440,2026-06-25 07:39:04.681440
557,2026-05-S12549,VAT,SALE,2026-05-04,111,,,5015.00,5015.00,0.000000,0.00,0.000000,0.00,0.000000,7650.00,12665.00,0.00,HASITH,False,,,,N/A,2026-06-25 07:39:04.681781,2026-06-25 07:39:04.681781
558,2026-05-S12550,VAT,SALE,2026-05-05,40,,132,9263.00,9263.00,0.000000,0.00,0.000000,0.00,0.000000,14130.00,23393.00,92630.00,,False,,,,N/A,2026-06-25 07:39:04.682341,2026-06-25 07:39:04.682341
559,2026-05-S12551,VAT,SALE,2026-05-07,29,,133,52864.00,52864.00,0.000000,0.00,0.000000,0.00,0.000000,8064.00,60928.00,0.00,OFFICE,False,,,,N/A,2026-06-25 07:39:04.682674,2026-06-25 07:39:04.682674
561,2026-05-S12553,VAT,SALE,2026-05-08,24,,,17228.00,17228.00,0.000000,0.00,0.000000,0.00,0.000000,26280.00,43508.00,0.00,POST,False,,,,N/A,2026-06-25 07:39:04.683996,2026-06-25 07:39:04.683996
562,2026-05-S12554,VAT,SALE,2026-05-12,17,,,4366.00,4366.00,0.000000,0.00,0.000000,0.00,0.000000,6660.00,11026.00,0.00,SHEN,False,,,,N/A,2026-06-25 07:39:04.684889,2026-06-25 07:39:04.684889
563,2026-05-S12555,VAT,SALE,2026-05-12,17,,,1770.00,1770.00,0.000000,0.00,0.000000,0.00,0.000000,2700.00,4470.00,0.00,SHEN,False,,,,N/A,2026-06-25 07:39:04.685569,2026-06-25 07:39:04.685569
564,2026-05-S12556,VAT,SALE,2026-05-12,22,,,5015.00,5015.00,0.000000,0.00,0.000000,0.00,0.000000,7650.00,12665.00,0.00,PRAMODH,False,,,,N/A,2026-06-25 07:39:04.686233,2026-06-25 07:39:04.686233
565,2026-05-S12557,VAT,SALE,2026-05-13,34,,,17110.00,17110.00,0.000000,0.00,0.000000,0.00,0.000000,26100.00,43210.00,171100.00,,False,,,,N/A,2026-06-25 07:39:04.686848,2026-06-25 07:39:04.686848
566,2026-05-S12558,VAT,SALE,2026-05-13,23,,,73396.00,73396.00,0.000000,0.00,0.000000,0.00,0.000000,11196.00,84592.00,0.00,PRAMODH,False,,,,N/A,2026-06-25 07:39:04.687206,2026-06-25 07:39:04.687206
567,2026-05-S12559,VAT,SALE,2026-05-13,23,,,18054.00,18054.00,0.000000,0.00,0.000000,0.00,0.000000,27540.00,45594.00,0.00,PRAMODH,False,,,,N/A,2026-06-25 07:39:04.687791,2026-06-25 07:39:04.687791
568,2026-05-S12560,VAT,SALE,2026-05-13,16,,,0.00,0.00,0.000000,0.00,0.000000,0.00,0.000000,227295.00,227295.00,0.00,CANCELD NEW INV 2026-05-S12566,False,,,,N/A,2026-06-25 07:39:04.688357,2026-06-25 07:39:04.688357
570,2026-05-S12562,VAT,SALE,2026-05-19,36,,,4425.00,4425.00,0.000000,0.00,0.000000,0.00,0.000000,6750.00,11175.00,44250.00,,False,,,,N/A,2026-06-25 07:39:04.689028,2026-06-25 07:39:04.689028
571,2026-05-S12564,VAT,SALE,2026-05-21,36,,,250101.00,250101.00,0.000000,0.00,0.000000,0.00,0.000000,38151.00,288252.00,250101.00,,False,,,,N/A,2026-06-25 07:39:04.689796,2026-06-25 07:39:04.689796
572,2026-05-S12565,VAT,SALE,2026-05-23,282,,135,2655000.00,2655000.00,0.000000,0.00,0.000000,0.00,0.000000,4050000.00,6705000.00,26550000.00,SAMPATH BANK JOSH,False,,,,N/A,2026-06-25 07:39:04.691212,2026-06-25 07:39:04.691212
575,2026-05-S12569,VAT,SALE,2026-05-27,27,,,1155456.00,1155456.00,0.000000,0.00,0.000000,0.00,0.000000,176256.00,1331712.00,0.00,JOSH,False,,,,N/A,2026-06-25 07:39:04.693679,2026-06-25 07:39:04.693679
576,2026-05-S12570,VAT,SALE,2026-05-27,289,,,11210.00,11210.00,0.000000,0.00,0.000000,0.00,0.000000,17100.00,28310.00,0.00,SHEN,False,,,,N/A,2026-06-25 07:39:04.694309,2026-06-25 07:39:04.694309
569,2026-05-R12561,VAT,REPAIR,2026-05-19,36,,,4130.00,4130.00,0.000000,0.00,0.000000,0.00,0.000000,6300.00,10430.00,41300.00,,False,,,,N/A,2026-06-25 07:39:04.688700,2026-06-25 07:39:04.688700
573,2026-05-R12567,VAT,REPAIR,2026-05-26,29,,114,4543.00,4543.00,0.000000,0.00,0.000000,0.00,0.000000,6930.00,11473.00,0.00,PRAMODH,False,,,,N/A,2026-06-25 07:39:04.692155,2026-06-25 07:39:04.692155
574,2026-05-R12568,VAT,REPAIR,2026-05-26,29,,114,18880.00,18880.00,0.000000,0.00,0.000000,0.00,0.000000,28800.00,47680.00,0.00,HASITHA,False,,,,N/A,2026-06-25 07:39:04.692965,2026-06-25 07:39:04.692965
590,2026-06-R12585,VAT,REPAIR,2026-06-11,23,,150,12500.00,12500.00,0.000000,0.00,0.000000,0.00,0.000000,22500.00,35000.00,147500.00,,False,,,,N/A,2026-06-25 07:39:04.700355,2026-06-25 07:39:04.700355
592,2026-06-R12587,VAT,REPAIR,2026-06-12,5,,,6500.00,6500.00,0.000000,0.00,0.000000,0.00,0.000000,11700.00,18200.00,76700.00,,False,,,,N/A,2026-06-25 07:39:04.701047,2026-06-25 07:39:04.701047
593,2026-06-R12588,VAT,REPAIR,2026-06-12,5,,,5250.00,5250.00,0.000000,0.00,0.000000,0.00,0.000000,9450.00,14700.00,61950.00,,False,,,,N/A,2026-06-25 07:39:04.701383,2026-06-25 07:39:04.701383
594,2026-06-R12589,VAT,REPAIR,2026-06-12,5,,,4500.00,4500.00,0.000000,0.00,0.000000,0.00,0.000000,8100.00,12600.00,51300.00,,False,,,,N/A,2026-06-25 07:39:04.701726,2026-06-25 07:39:04.701726
577,2026-06-S12571,VAT,SALE,2026-06-01,115,,,84500.00,84500.00,0.000000,0.00,0.000000,0.00,0.000000,152100.00,236600.00,997100.00,,True,,,,N/A,2026-06-25 07:39:04.694898,2026-06-25 07:39:04.694898
578,2026-06-S12572,VAT,SALE,2026-06-02,11,,,7950.00,7950.00,0.000000,0.00,0.000000,0.00,0.000000,14310.00,22260.00,93810.00,,True,,,,N/A,2026-06-25 07:39:04.695239,2026-06-25 07:39:04.695239
579,2026-06-S12573,VAT,SALE,2026-06-03,243,,161,2250.00,2250.00,0.000000,0.00,0.000000,0.00,0.000000,4050.00,6300.00,26550.00,,True,,,,N/A,2026-06-25 07:39:04.695591,2026-06-25 07:39:04.695591
580,2026-06-S12574,VAT,SALE,2026-06-05,26,,163,7250.00,7250.00,0.000000,0.00,0.000000,0.00,0.000000,13050.00,20300.00,85550.00,,True,,,,N/A,2026-06-25 07:39:04.695934,2026-06-25 07:39:04.695934
581,2026-06-S12575,VAT,SALE,2026-06-05,23,,163,18850.00,18850.00,0.000000,0.00,0.000000,0.00,0.000000,33930.00,52780.00,222430.00,,True,,,,N/A,2026-06-25 07:39:04.696283,2026-06-25 07:39:04.696283
582,2026-06-S12576,VAT,SALE,2026-06-05,23,,163,14700.00,14700.00,0.000000,0.00,0.000000,0.00,0.000000,26460.00,41160.00,173460.00,,True,,,,N/A,2026-06-25 07:39:04.696634,2026-06-25 07:39:04.696634
583,2026-06-S12578,VAT,SALE,2026-06-08,21,,,11440.00,11440.00,0.000000,0.00,0.000000,0.00,0.000000,20592.00,32032.00,134992.00,,True,,,,N/A,2026-06-25 07:39:04.697352,2026-06-25 07:39:04.697352
584,2026-06-S12579,VAT,SALE,2026-06-08,28,,,25275.00,25275.00,0.000000,0.00,0.000000,0.00,0.000000,45495.00,70770.00,298245.00,,True,,,,N/A,2026-06-25 07:39:04.697754,2026-06-25 07:39:04.697754
585,2026-06-S12580,VAT,SALE,2026-06-09,24,,165,16020.00,16020.00,0.000000,0.00,0.000000,0.00,0.000000,28830.00,44850.00,189036.00,,True,,,,N/A,2026-06-25 07:39:04.698119,2026-06-25 07:39:04.698119
586,2026-06-S12581,VAT,SALE,2026-06-09,289,,165,22080.00,22080.00,0.000000,0.00,0.000000,0.00,0.000000,39744.00,61824.00,0.00,SHEN,True,,,,N/A,2026-06-25 07:39:04.698475,2026-06-25 07:39:04.698475
587,2026-06-S12582,VAT,SALE,2026-06-09,22,,165,0.00,0.00,0.000000,0.00,0.000000,0.00,0.000000,0.00,0.00,0.00,allready invoice itum inv  S12556,True,,,,N/A,2026-06-25 07:39:04.699070,2026-06-25 07:39:04.699070
588,2026-06-S12583,VAT,SALE,2026-06-10,12,,166,14500.00,14500.00,0.000000,0.00,0.000000,0.00,0.000000,26100.00,40600.00,0.00,JOSH,True,,,,N/A,2026-06-25 07:39:04.699419,2026-06-25 07:39:04.699419
589,2026-06-S12584,VAT,SALE,2026-06-11,55,,167,264000.00,264000.00,0.000000,0.00,0.000000,0.00,0.000000,475200.00,739200.00,3115200.00,,True,,,,N/A,2026-06-25 07:39:04.700000,2026-06-25 07:39:04.700000
591,2026-06-S12586,VAT,SALE,2026-06-11,23,,167,9100.00,9100.00,0.000000,0.00,0.000000,0.00,0.000000,16380.00,25480.00,107380.00,,True,,,,N/A,2026-06-25 07:39:04.700714,2026-06-25 07:39:04.700714
595,2026-06-S12590,VAT,SALE,2026-06-16,35,,169,2966.00,2966.00,0.000000,0.00,0.000000,0.00,0.000000,53388.00,56354.00,349988.00,,True,,,,N/A,2026-06-25 07:39:04.702057,2026-06-25 07:39:04.702057
596,2026-06-S12591,VAT,SALE,2026-06-16,24,,169,0.00,0.00,0.000000,0.00,0.000000,0.00,0.000000,0.00,0.00,0.00,CHANE ITEM NEW INV  2026-06-S12598,True,,,,N/A,2026-06-25 07:39:04.702490,2026-06-25 07:39:04.702490
